USE kinopoisk;

INSERT INTO `actor` (`id`, `name`, `last_name`, `year_birth`, `created_at`, `updated_at`)
VALUES (1, 'repellendus', 'Christiansen', '1978', '2021-02-04 10:54:29', '2015-12-11 23:22:18');
INSERT INTO `actor` (`id`, `name`, `last_name`, `year_birth`, `created_at`, `updated_at`)
VALUES (2, 'et', 'Gutmann', '1980', '2012-12-19 11:44:42', '2015-03-13 07:49:47');
INSERT INTO `actor` (`id`, `name`, `last_name`, `year_birth`, `created_at`, `updated_at`)
VALUES (3, 'libero', 'Olson', '1974', '2001-01-25 17:06:41', '2008-07-06 23:49:19');
INSERT INTO `actor` (`id`, `name`, `last_name`, `year_birth`, `created_at`, `updated_at`)
VALUES (4, 'numquam', 'Runolfsdottir', '2017', '1993-07-12 10:27:29', '2003-06-18 11:06:25');
INSERT INTO `actor` (`id`, `name`, `last_name`, `year_birth`, `created_at`, `updated_at`)
VALUES (5, 'labore', 'Purdy', '1995', '2018-03-03 11:11:10', '2010-08-03 07:04:06');
INSERT INTO `actor` (`id`, `name`, `last_name`, `year_birth`, `created_at`, `updated_at`)
VALUES (6, 'possimus', 'McKenzie', '2015', '1984-12-07 01:39:06', '2013-09-20 09:58:49');
INSERT INTO `actor` (`id`, `name`, `last_name`, `year_birth`, `created_at`, `updated_at`)
VALUES (7, 'maxime', 'Frami', '2003', '1982-01-03 18:45:34', '2006-05-13 08:26:02');
INSERT INTO `actor` (`id`, `name`, `last_name`, `year_birth`, `created_at`, `updated_at`)
VALUES (8, 'doloribus', 'Kirlin', '1989', '1979-05-13 01:30:10', '2015-03-03 17:23:44');
INSERT INTO `actor` (`id`, `name`, `last_name`, `year_birth`, `created_at`, `updated_at`)
VALUES (9, 'quo', 'Hermiston', '1996', '2005-10-22 19:50:19', '1976-09-11 23:35:04');
INSERT INTO `actor` (`id`, `name`, `last_name`, `year_birth`, `created_at`, `updated_at`)
VALUES (10, 'fuga', 'Barton', '2013', '1981-09-28 21:02:01', '2004-01-18 15:08:21');
INSERT INTO `actor` (`id`, `name`, `last_name`, `year_birth`, `created_at`, `updated_at`)
VALUES (11, 'itaque', 'Schaefer', '2008', '2014-07-18 09:49:52', '1972-01-27 02:18:44');
INSERT INTO `actor` (`id`, `name`, `last_name`, `year_birth`, `created_at`, `updated_at`)
VALUES (12, 'dolore', 'Lang', '1973', '1975-03-28 19:57:42', '2017-04-25 03:21:47');
INSERT INTO `actor` (`id`, `name`, `last_name`, `year_birth`, `created_at`, `updated_at`)
VALUES (13, 'odit', 'Beer', '2019', '2004-09-15 18:40:14', '1994-07-16 00:28:53');
INSERT INTO `actor` (`id`, `name`, `last_name`, `year_birth`, `created_at`, `updated_at`)
VALUES (14, 'aliquid', 'McKenzie', '2017', '2008-07-13 09:20:35', '2017-06-01 23:03:36');
INSERT INTO `actor` (`id`, `name`, `last_name`, `year_birth`, `created_at`, `updated_at`)
VALUES (15, 'rerum', 'Klein', '2007', '1975-11-18 19:02:37', '2004-10-23 16:30:13');
INSERT INTO `actor` (`id`, `name`, `last_name`, `year_birth`, `created_at`, `updated_at`)
VALUES (16, 'aut', 'Turner', '1995', '1980-07-14 19:13:19', '2012-12-20 13:58:28');
INSERT INTO `actor` (`id`, `name`, `last_name`, `year_birth`, `created_at`, `updated_at`)
VALUES (17, 'sint', 'Rutherford', '2013', '1988-05-14 23:02:18', '2007-07-01 17:34:07');
INSERT INTO `actor` (`id`, `name`, `last_name`, `year_birth`, `created_at`, `updated_at`)
VALUES (18, 'quo', 'Wiza', '1984', '1982-10-05 21:44:20', '1974-01-09 04:44:52');
INSERT INTO `actor` (`id`, `name`, `last_name`, `year_birth`, `created_at`, `updated_at`)
VALUES (19, 'dolor', 'Jerde', '1990', '1999-06-18 08:16:11', '1984-05-21 19:52:56');
INSERT INTO `actor` (`id`, `name`, `last_name`, `year_birth`, `created_at`, `updated_at`)
VALUES (20, 'nisi', 'O\'Kon', '2018', '1971-04-03 16:05:34', '1998-06-12 08:23:34');
INSERT INTO `actor` (`id`, `name`, `last_name`, `year_birth`, `created_at`, `updated_at`)
VALUES (21, 'aliquid', 'Corkery', '2004', '1986-09-03 13:11:38', '1977-10-17 16:27:07');
INSERT INTO `actor` (`id`, `name`, `last_name`, `year_birth`, `created_at`, `updated_at`)
VALUES (22, 'magnam', 'Wisoky', '1982', '2019-09-05 18:44:22', '2008-09-12 19:04:13');
INSERT INTO `actor` (`id`, `name`, `last_name`, `year_birth`, `created_at`, `updated_at`)
VALUES (23, 'hic', 'Barton', '1972', '1978-04-14 22:50:18', '1976-06-08 13:53:28');
INSERT INTO `actor` (`id`, `name`, `last_name`, `year_birth`, `created_at`, `updated_at`)
VALUES (24, 'dolor', 'Heller', '1972', '2002-03-31 18:47:27', '1990-12-01 12:13:31');
INSERT INTO `actor` (`id`, `name`, `last_name`, `year_birth`, `created_at`, `updated_at`)
VALUES (25, 'molestiae', 'Quitzon', '1992', '1979-02-04 16:12:14', '1998-12-19 22:10:10');
INSERT INTO `actor` (`id`, `name`, `last_name`, `year_birth`, `created_at`, `updated_at`)
VALUES (26, 'ducimus', 'Champlin', '1984', '2015-05-19 10:16:39', '1988-03-24 04:26:47');
INSERT INTO `actor` (`id`, `name`, `last_name`, `year_birth`, `created_at`, `updated_at`)
VALUES (27, 'quidem', 'Abshire', '1988', '2018-01-23 02:49:05', '1998-03-11 05:46:20');
INSERT INTO `actor` (`id`, `name`, `last_name`, `year_birth`, `created_at`, `updated_at`)
VALUES (28, 'enim', 'Braun', '1988', '1981-11-19 19:10:16', '2013-09-12 21:34:31');
INSERT INTO `actor` (`id`, `name`, `last_name`, `year_birth`, `created_at`, `updated_at`)
VALUES (29, 'sint', 'Lehner', '2015', '1999-07-02 00:36:15', '2019-06-04 11:43:30');
INSERT INTO `actor` (`id`, `name`, `last_name`, `year_birth`, `created_at`, `updated_at`)
VALUES (30, 'temporibus', 'Gottlieb', '2015', '1999-02-07 19:47:32', '2015-03-23 17:55:34');
INSERT INTO `actor` (`id`, `name`, `last_name`, `year_birth`, `created_at`, `updated_at`)
VALUES (31, 'ex', 'Emmerich', '1993', '1998-05-31 14:19:13', '1994-10-24 17:24:11');
INSERT INTO `actor` (`id`, `name`, `last_name`, `year_birth`, `created_at`, `updated_at`)
VALUES (32, 'beatae', 'Halvorson', '1993', '1992-03-26 13:54:40', '1988-09-24 17:11:47');
INSERT INTO `actor` (`id`, `name`, `last_name`, `year_birth`, `created_at`, `updated_at`)
VALUES (33, 'quibusdam', 'Wolf', '1997', '1976-09-14 07:32:26', '1970-02-22 04:43:15');
INSERT INTO `actor` (`id`, `name`, `last_name`, `year_birth`, `created_at`, `updated_at`)
VALUES (34, 'ut', 'Koepp', '1971', '2020-04-21 05:09:56', '2015-04-14 00:35:04');
INSERT INTO `actor` (`id`, `name`, `last_name`, `year_birth`, `created_at`, `updated_at`)
VALUES (35, 'et', 'Hills', '2014', '1994-09-30 16:13:27', '2009-12-13 05:22:27');
INSERT INTO `actor` (`id`, `name`, `last_name`, `year_birth`, `created_at`, `updated_at`)
VALUES (36, 'est', 'Grady', '1984', '2012-01-13 06:48:25', '2004-01-07 06:19:04');
INSERT INTO `actor` (`id`, `name`, `last_name`, `year_birth`, `created_at`, `updated_at`)
VALUES (37, 'est', 'Rosenbaum', '1970', '1971-08-30 11:28:44', '1988-09-29 09:16:34');
INSERT INTO `actor` (`id`, `name`, `last_name`, `year_birth`, `created_at`, `updated_at`)
VALUES (38, 'esse', 'Kuhlman', '1985', '2019-11-04 11:18:37', '2020-03-31 16:53:08');
INSERT INTO `actor` (`id`, `name`, `last_name`, `year_birth`, `created_at`, `updated_at`)
VALUES (39, 'consectetur', 'Sawayn', '2015', '2000-07-02 18:10:34', '1980-01-04 13:56:52');
INSERT INTO `actor` (`id`, `name`, `last_name`, `year_birth`, `created_at`, `updated_at`)
VALUES (40, 'ut', 'Dickinson', '2015', '2006-08-09 05:56:17', '2004-03-06 04:36:37');
INSERT INTO `actor` (`id`, `name`, `last_name`, `year_birth`, `created_at`, `updated_at`)
VALUES (41, 'et', 'Littel', '1993', '2006-11-20 17:47:15', '2017-02-22 12:54:09');
INSERT INTO `actor` (`id`, `name`, `last_name`, `year_birth`, `created_at`, `updated_at`)
VALUES (42, 'fugiat', 'Strosin', '1985', '1999-12-13 18:47:33', '1981-11-28 06:58:08');
INSERT INTO `actor` (`id`, `name`, `last_name`, `year_birth`, `created_at`, `updated_at`)
VALUES (43, 'repellendus', 'Larkin', '2018', '2009-06-23 15:30:23', '1980-05-10 14:50:02');
INSERT INTO `actor` (`id`, `name`, `last_name`, `year_birth`, `created_at`, `updated_at`)
VALUES (44, 'corporis', 'Oberbrunner', '1986', '1985-08-26 05:56:43', '1984-03-21 14:28:10');
INSERT INTO `actor` (`id`, `name`, `last_name`, `year_birth`, `created_at`, `updated_at`)
VALUES (45, 'est', 'Boyer', '1999', '1982-06-15 03:08:25', '1992-02-28 16:04:52');
INSERT INTO `actor` (`id`, `name`, `last_name`, `year_birth`, `created_at`, `updated_at`)
VALUES (46, 'velit', 'Hermiston', '1971', '1972-07-18 12:36:19', '2008-01-13 16:03:34');
INSERT INTO `actor` (`id`, `name`, `last_name`, `year_birth`, `created_at`, `updated_at`)
VALUES (47, 'est', 'Langworth', '1997', '1974-10-11 08:10:44', '2014-08-16 05:25:42');
INSERT INTO `actor` (`id`, `name`, `last_name`, `year_birth`, `created_at`, `updated_at`)
VALUES (48, 'animi', 'Thompson', '1985', '2009-05-02 10:20:31', '1979-04-10 21:00:47');
INSERT INTO `actor` (`id`, `name`, `last_name`, `year_birth`, `created_at`, `updated_at`)
VALUES (49, 'mollitia', 'Waters', '1992', '2007-07-13 10:33:10', '2002-05-17 06:05:16');
INSERT INTO `actor` (`id`, `name`, `last_name`, `year_birth`, `created_at`, `updated_at`)
VALUES (50, 'exercitationem', 'Lynch', '1973', '1994-09-12 06:44:55', '2005-01-28 00:35:41');
INSERT INTO `actor` (`id`, `name`, `last_name`, `year_birth`, `created_at`, `updated_at`)
VALUES (51, 'officiis', 'Bruen', '1991', '1993-05-01 19:07:38', '2001-08-22 15:54:11');
INSERT INTO `actor` (`id`, `name`, `last_name`, `year_birth`, `created_at`, `updated_at`)
VALUES (52, 'et', 'Koepp', '1983', '1974-05-23 00:58:01', '2005-05-13 05:11:47');
INSERT INTO `actor` (`id`, `name`, `last_name`, `year_birth`, `created_at`, `updated_at`)
VALUES (53, 'consequatur', 'Romaguera', '2008', '1995-07-24 09:41:46', '1979-05-03 16:32:27');
INSERT INTO `actor` (`id`, `name`, `last_name`, `year_birth`, `created_at`, `updated_at`)
VALUES (54, 'quidem', 'Wolf', '1987', '1989-08-02 06:54:55', '1996-01-09 01:04:35');
INSERT INTO `actor` (`id`, `name`, `last_name`, `year_birth`, `created_at`, `updated_at`)
VALUES (55, 'maxime', 'Satterfield', '2010', '1995-12-06 14:04:14', '1981-10-21 22:48:35');
INSERT INTO `actor` (`id`, `name`, `last_name`, `year_birth`, `created_at`, `updated_at`)
VALUES (56, 'aut', 'Boehm', '1997', '1973-06-07 14:52:33', '1976-10-06 05:47:28');
INSERT INTO `actor` (`id`, `name`, `last_name`, `year_birth`, `created_at`, `updated_at`)
VALUES (57, 'aut', 'Schneider', '1988', '1988-05-12 10:05:08', '1972-03-11 14:15:55');
INSERT INTO `actor` (`id`, `name`, `last_name`, `year_birth`, `created_at`, `updated_at`)
VALUES (58, 'qui', 'Vandervort', '1995', '1994-09-22 01:39:45', '2003-02-25 16:20:25');
INSERT INTO `actor` (`id`, `name`, `last_name`, `year_birth`, `created_at`, `updated_at`)
VALUES (59, 'nesciunt', 'Gibson', '1984', '2006-04-20 20:54:50', '1984-03-13 19:33:59');
INSERT INTO `actor` (`id`, `name`, `last_name`, `year_birth`, `created_at`, `updated_at`)
VALUES (60, 'modi', 'Rodriguez', '1990', '1994-07-11 03:32:42', '1986-01-26 02:38:14');
INSERT INTO `actor` (`id`, `name`, `last_name`, `year_birth`, `created_at`, `updated_at`)
VALUES (61, 'explicabo', 'Thompson', '2002', '1976-05-04 11:44:35', '2011-12-28 06:46:30');
INSERT INTO `actor` (`id`, `name`, `last_name`, `year_birth`, `created_at`, `updated_at`)
VALUES (62, 'aut', 'Reichel', '1987', '1988-06-03 02:28:48', '2017-02-21 06:43:22');
INSERT INTO `actor` (`id`, `name`, `last_name`, `year_birth`, `created_at`, `updated_at`)
VALUES (63, 'fugit', 'Satterfield', '2015', '1983-05-22 05:46:22', '2017-02-19 22:25:44');
INSERT INTO `actor` (`id`, `name`, `last_name`, `year_birth`, `created_at`, `updated_at`)
VALUES (64, 'fuga', 'Runolfsson', '2010', '2002-03-30 12:51:17', '2001-06-02 18:49:09');
INSERT INTO `actor` (`id`, `name`, `last_name`, `year_birth`, `created_at`, `updated_at`)
VALUES (65, 'et', 'Stehr', '2013', '1993-01-29 19:22:15', '1976-07-14 16:47:04');
INSERT INTO `actor` (`id`, `name`, `last_name`, `year_birth`, `created_at`, `updated_at`)
VALUES (66, 'et', 'Schuster', '1992', '1995-01-13 20:49:53', '2009-07-17 01:16:49');
INSERT INTO `actor` (`id`, `name`, `last_name`, `year_birth`, `created_at`, `updated_at`)
VALUES (67, 'expedita', 'Rosenbaum', '1988', '1996-11-14 00:40:04', '2017-03-18 10:10:39');
INSERT INTO `actor` (`id`, `name`, `last_name`, `year_birth`, `created_at`, `updated_at`)
VALUES (68, 'similique', 'Bartell', '1995', '2002-12-05 18:41:39', '1974-08-06 13:20:07');
INSERT INTO `actor` (`id`, `name`, `last_name`, `year_birth`, `created_at`, `updated_at`)
VALUES (69, 'enim', 'Kris', '1990', '2001-10-28 12:36:39', '1973-10-14 00:23:39');
INSERT INTO `actor` (`id`, `name`, `last_name`, `year_birth`, `created_at`, `updated_at`)
VALUES (70, 'minus', 'Spinka', '2020', '1997-10-08 16:33:13', '1997-08-18 08:51:35');
INSERT INTO `actor` (`id`, `name`, `last_name`, `year_birth`, `created_at`, `updated_at`)
VALUES (71, 'et', 'Sawayn', '2011', '1989-05-28 14:17:24', '2017-04-28 05:32:56');
INSERT INTO `actor` (`id`, `name`, `last_name`, `year_birth`, `created_at`, `updated_at`)
VALUES (72, 'at', 'Ondricka', '1991', '1994-12-31 05:06:43', '2013-07-05 09:25:19');
INSERT INTO `actor` (`id`, `name`, `last_name`, `year_birth`, `created_at`, `updated_at`)
VALUES (73, 'enim', 'Jones', '1999', '1982-07-24 22:55:19', '2015-09-06 23:50:11');
INSERT INTO `actor` (`id`, `name`, `last_name`, `year_birth`, `created_at`, `updated_at`)
VALUES (74, 'eum', 'Bins', '1978', '1986-08-04 04:40:58', '1986-10-12 23:43:07');
INSERT INTO `actor` (`id`, `name`, `last_name`, `year_birth`, `created_at`, `updated_at`)
VALUES (75, 'repudiandae', 'Prosacco', '2003', '2005-05-29 05:44:54', '2012-05-20 01:29:02');
INSERT INTO `actor` (`id`, `name`, `last_name`, `year_birth`, `created_at`, `updated_at`)
VALUES (76, 'ad', 'Marquardt', '2004', '2014-03-30 01:57:41', '2006-10-04 02:01:35');
INSERT INTO `actor` (`id`, `name`, `last_name`, `year_birth`, `created_at`, `updated_at`)
VALUES (77, 'cum', 'Goldner', '1982', '1991-02-04 04:11:50', '1998-05-04 16:02:13');
INSERT INTO `actor` (`id`, `name`, `last_name`, `year_birth`, `created_at`, `updated_at`)
VALUES (78, 'laboriosam', 'Barrows', '2010', '1984-05-30 16:19:23', '1992-01-16 20:53:53');
INSERT INTO `actor` (`id`, `name`, `last_name`, `year_birth`, `created_at`, `updated_at`)
VALUES (79, 'ex', 'Hickle', '1995', '2003-05-08 16:00:09', '2017-03-02 07:25:06');
INSERT INTO `actor` (`id`, `name`, `last_name`, `year_birth`, `created_at`, `updated_at`)
VALUES (80, 'eaque', 'Kutch', '1999', '2006-03-04 08:36:00', '2002-01-13 00:54:11');
INSERT INTO `actor` (`id`, `name`, `last_name`, `year_birth`, `created_at`, `updated_at`)
VALUES (81, 'hic', 'Klein', '1974', '1979-08-25 22:23:21', '1977-03-27 18:41:13');
INSERT INTO `actor` (`id`, `name`, `last_name`, `year_birth`, `created_at`, `updated_at`)
VALUES (82, 'quia', 'Bartell', '1988', '2010-03-24 05:43:55', '1984-01-12 09:49:18');
INSERT INTO `actor` (`id`, `name`, `last_name`, `year_birth`, `created_at`, `updated_at`)
VALUES (83, 'voluptas', 'Mohr', '2014', '2004-02-28 18:04:28', '1989-12-30 06:05:11');
INSERT INTO `actor` (`id`, `name`, `last_name`, `year_birth`, `created_at`, `updated_at`)
VALUES (84, 'dolores', 'Mitchell', '1986', '1972-06-05 20:24:34', '1971-07-29 16:50:29');
INSERT INTO `actor` (`id`, `name`, `last_name`, `year_birth`, `created_at`, `updated_at`)
VALUES (85, 'vitae', 'Lang', '1989', '1987-10-03 14:34:26', '1986-08-31 09:39:41');
INSERT INTO `actor` (`id`, `name`, `last_name`, `year_birth`, `created_at`, `updated_at`)
VALUES (86, 'tenetur', 'Littel', '1983', '2003-05-18 03:07:11', '1970-01-16 21:57:48');
INSERT INTO `actor` (`id`, `name`, `last_name`, `year_birth`, `created_at`, `updated_at`)
VALUES (87, 'nam', 'Eichmann', '2016', '1970-11-25 12:09:04', '1980-07-22 10:58:07');
INSERT INTO `actor` (`id`, `name`, `last_name`, `year_birth`, `created_at`, `updated_at`)
VALUES (88, 'et', 'Kunde', '1980', '2013-04-25 23:13:25', '1973-01-08 00:39:57');
INSERT INTO `actor` (`id`, `name`, `last_name`, `year_birth`, `created_at`, `updated_at`)
VALUES (89, 'odio', 'King', '1991', '1992-05-03 19:32:18', '1978-09-04 18:26:26');
INSERT INTO `actor` (`id`, `name`, `last_name`, `year_birth`, `created_at`, `updated_at`)
VALUES (90, 'minima', 'Jacobi', '1993', '2020-12-23 17:42:42', '1971-07-13 00:06:48');
INSERT INTO `actor` (`id`, `name`, `last_name`, `year_birth`, `created_at`, `updated_at`)
VALUES (91, 'qui', 'Muller', '1989', '1997-10-28 09:13:52', '2007-09-07 02:37:39');
INSERT INTO `actor` (`id`, `name`, `last_name`, `year_birth`, `created_at`, `updated_at`)
VALUES (92, 'cum', 'Collins', '1981', '1973-09-15 04:08:11', '1979-06-02 08:49:12');
INSERT INTO `actor` (`id`, `name`, `last_name`, `year_birth`, `created_at`, `updated_at`)
VALUES (93, 'sit', 'Boyer', '1993', '2009-10-18 01:39:59', '1999-10-24 09:00:46');
INSERT INTO `actor` (`id`, `name`, `last_name`, `year_birth`, `created_at`, `updated_at`)
VALUES (94, 'consectetur', 'Steuber', '1986', '1973-03-16 22:37:21', '2018-06-15 11:57:57');
INSERT INTO `actor` (`id`, `name`, `last_name`, `year_birth`, `created_at`, `updated_at`)
VALUES (95, 'dolor', 'Muller', '2021', '1978-03-19 00:59:58', '2016-03-09 07:55:19');
INSERT INTO `actor` (`id`, `name`, `last_name`, `year_birth`, `created_at`, `updated_at`)
VALUES (96, 'magnam', 'Erdman', '1986', '1988-10-10 15:58:58', '1981-07-29 14:35:47');
INSERT INTO `actor` (`id`, `name`, `last_name`, `year_birth`, `created_at`, `updated_at`)
VALUES (97, 'dignissimos', 'Bartell', '2005', '2019-02-13 06:14:24', '1994-07-10 06:31:03');
INSERT INTO `actor` (`id`, `name`, `last_name`, `year_birth`, `created_at`, `updated_at`)
VALUES (98, 'porro', 'Keebler', '1995', '2014-12-31 13:30:58', '1988-02-08 19:08:05');
INSERT INTO `actor` (`id`, `name`, `last_name`, `year_birth`, `created_at`, `updated_at`)
VALUES (99, 'nemo', 'Reilly', '1998', '1999-01-13 04:55:38', '2019-02-14 14:24:44');
INSERT INTO `actor` (`id`, `name`, `last_name`, `year_birth`, `created_at`, `updated_at`)
VALUES (100, 'voluptatem', 'Dickens', '1984', '2007-01-13 21:02:16', '1983-07-15 22:19:38');





INSERT INTO `genre` (`id`, `name`)
VALUES (1, 'beatae');
INSERT INTO `genre` (`id`, `name`)
VALUES (2, 'in');
INSERT INTO `genre` (`id`, `name`)
VALUES (3, 'numquam');
INSERT INTO `genre` (`id`, `name`)
VALUES (4, 'tempora');
INSERT INTO `genre` (`id`, `name`)
VALUES (5, 'nihil');


INSERT INTO `movie` (`id`, `title`, `year`, `descriprion`, `poster`, `created_at`, `updated_at`, `genre_id`)
VALUES (1, 'Non laudantium sed molestiae distinctio natus molestias.', 2010, '', '', '1989-06-23 19:55:05',
        '1977-12-06 15:24:46', 1);
INSERT INTO `movie` (`id`, `title`, `year`, `descriprion`, `poster`, `created_at`, `updated_at`, `genre_id`)
VALUES (2, 'Rerum qui porro assumenda ut doloribus.', 1999, '', '', '1984-06-07 10:15:55', '1994-09-03 10:27:17', 2);
INSERT INTO `movie` (`id`, `title`, `year`, `descriprion`, `poster`, `created_at`, `updated_at`, `genre_id`)
VALUES (3, 'Non eos sunt sint itaque illo qui repellendus.', 2013, '', '', '2006-11-18 23:11:26', '1973-10-06 12:21:36',
        3);
INSERT INTO `movie` (`id`, `title`, `year`, `descriprion`, `poster`, `created_at`, `updated_at`, `genre_id`)
VALUES (4, 'Recusandae dolores voluptas molestiae.', 1974, '', '', '2018-02-28 03:05:05', '1995-06-26 00:14:23', 4);
INSERT INTO `movie` (`id`, `title`, `year`, `descriprion`, `poster`, `created_at`, `updated_at`, `genre_id`)
VALUES (5, 'Similique ut ab ducimus autem vel similique.', 1993, '', '', '1982-05-08 11:29:28', '2010-07-30 00:58:45',
        5);
INSERT INTO `movie` (`id`, `title`, `year`, `descriprion`, `poster`, `created_at`, `updated_at`, `genre_id`)
VALUES (6, 'Expedita iusto et enim architecto.', 1991, '', '', '1985-03-22 11:34:12', '1972-12-25 07:14:12', 1);
INSERT INTO `movie` (`id`, `title`, `year`, `descriprion`, `poster`, `created_at`, `updated_at`, `genre_id`)
VALUES (7, 'Architecto aut dolor velit officiis nam sit.', 1972, '', '', '1992-05-23 16:34:21', '1975-02-17 06:23:12',
        2);
INSERT INTO `movie` (`id`, `title`, `year`, `descriprion`, `poster`, `created_at`, `updated_at`, `genre_id`)
VALUES (8, 'Libero quia quos id at et magni.', 2017, '', '', '2000-03-01 16:40:18', '1985-02-03 09:04:23', 3);
INSERT INTO `movie` (`id`, `title`, `year`, `descriprion`, `poster`, `created_at`, `updated_at`, `genre_id`)
VALUES (9, 'Nihil laborum cum est accusamus.', 1991, '', '', '2003-06-23 13:49:45', '1972-01-23 04:26:09', 4);
INSERT INTO `movie` (`id`, `title`, `year`, `descriprion`, `poster`, `created_at`, `updated_at`, `genre_id`)
VALUES (10, 'Laborum unde expedita temporibus omnis odio.', 1993, '', '', '1985-07-22 19:27:36', '1977-06-26 11:36:02',
        5);
INSERT INTO `movie` (`id`, `title`, `year`, `descriprion`, `poster`, `created_at`, `updated_at`, `genre_id`)
VALUES (11, 'Praesentium non impedit accusantium recusandae eum assumenda magni qui.', 1988, '', '',
        '1973-01-30 15:09:21', '1999-08-23 03:17:16', 1);
INSERT INTO `movie` (`id`, `title`, `year`, `descriprion`, `poster`, `created_at`, `updated_at`, `genre_id`)
VALUES (12, 'Hic dolores itaque repellat reiciendis voluptates.', 1985, '', '', '1991-10-28 00:12:01',
        '2008-05-08 18:09:06', 2);
INSERT INTO `movie` (`id`, `title`, `year`, `descriprion`, `poster`, `created_at`, `updated_at`, `genre_id`)
VALUES (13, 'Facilis vitae numquam nostrum consequuntur quam et distinctio.', 2006, '', '', '2006-04-18 02:34:07',
        '2009-11-17 18:09:49', 3);
INSERT INTO `movie` (`id`, `title`, `year`, `descriprion`, `poster`, `created_at`, `updated_at`, `genre_id`)
VALUES (14, 'Nisi esse eum molestias possimus.', 2015, '', '', '2016-12-20 18:25:12', '2000-09-01 02:01:13', 4);
INSERT INTO `movie` (`id`, `title`, `year`, `descriprion`, `poster`, `created_at`, `updated_at`, `genre_id`)
VALUES (15, 'Fugiat modi qui ea veritatis officia blanditiis.', 2014, '', '', '2018-10-06 10:58:06',
        '2011-01-03 03:51:57', 5);
INSERT INTO `movie` (`id`, `title`, `year`, `descriprion`, `poster`, `created_at`, `updated_at`, `genre_id`)
VALUES (16, 'Laborum saepe quia quae praesentium.', 1973, '', '', '1972-03-11 16:17:56', '1991-12-27 17:07:17', 1);
INSERT INTO `movie` (`id`, `title`, `year`, `descriprion`, `poster`, `created_at`, `updated_at`, `genre_id`)
VALUES (17, 'Aut nemo consequuntur adipisci quod accusantium eaque perferendis.', 1988, '', '', '1973-10-24 14:35:18',
        '2000-12-02 00:24:48', 2);
INSERT INTO `movie` (`id`, `title`, `year`, `descriprion`, `poster`, `created_at`, `updated_at`, `genre_id`)
VALUES (18, 'Dolorem deserunt et dolore dolores et a aliquam.', 1997, '', '', '2002-05-03 17:02:11',
        '1981-12-05 06:30:39', 3);
INSERT INTO `movie` (`id`, `title`, `year`, `descriprion`, `poster`, `created_at`, `updated_at`, `genre_id`)
VALUES (19, 'Corrupti sit et quibusdam sapiente vel est.', 1971, '', '', '1980-04-13 17:50:51', '1971-10-16 23:09:41',
        4);
INSERT INTO `movie` (`id`, `title`, `year`, `descriprion`, `poster`, `created_at`, `updated_at`, `genre_id`)
VALUES (20, 'Tenetur quibusdam ducimus soluta omnis qui.', 1982, '', '', '2013-07-09 05:47:56', '2015-10-16 06:36:38',
        5);
INSERT INTO `movie` (`id`, `title`, `year`, `descriprion`, `poster`, `created_at`, `updated_at`, `genre_id`)
VALUES (21, 'Et excepturi consectetur omnis minima vitae cumque.', 2010, '', '', '1975-03-29 16:02:51',
        '1998-09-15 06:24:13', 1);
INSERT INTO `movie` (`id`, `title`, `year`, `descriprion`, `poster`, `created_at`, `updated_at`, `genre_id`)
VALUES (22, 'Sequi sequi doloremque enim.', 1972, '', '', '2015-06-06 23:40:21', '1973-10-21 11:16:47', 2);
INSERT INTO `movie` (`id`, `title`, `year`, `descriprion`, `poster`, `created_at`, `updated_at`, `genre_id`)
VALUES (23, 'Molestias in dignissimos voluptatem quas.', 1993, '', '', '1972-01-05 23:38:06', '1994-05-24 05:50:38', 3);
INSERT INTO `movie` (`id`, `title`, `year`, `descriprion`, `poster`, `created_at`, `updated_at`, `genre_id`)
VALUES (24, 'Optio rerum velit doloremque praesentium.', 2012, '', '', '1979-03-22 04:55:20', '1972-05-25 07:34:13', 4);
INSERT INTO `movie` (`id`, `title`, `year`, `descriprion`, `poster`, `created_at`, `updated_at`, `genre_id`)
VALUES (25, 'Soluta quos aut assumenda quidem ipsam provident non.', 2019, '', '', '2005-01-15 11:42:31',
        '1997-05-31 04:09:09', 5);
INSERT INTO `movie` (`id`, `title`, `year`, `descriprion`, `poster`, `created_at`, `updated_at`, `genre_id`)
VALUES (26, 'Debitis numquam sit nesciunt aliquid in.', 2008, '', '', '1971-06-20 21:54:47', '2016-01-07 01:01:30', 1);
INSERT INTO `movie` (`id`, `title`, `year`, `descriprion`, `poster`, `created_at`, `updated_at`, `genre_id`)
VALUES (27, 'Vero qui autem qui.', 1981, '', '', '2013-02-12 00:38:31', '1986-11-10 09:01:55', 2);
INSERT INTO `movie` (`id`, `title`, `year`, `descriprion`, `poster`, `created_at`, `updated_at`, `genre_id`)
VALUES (28, 'Non delectus ut qui et et explicabo et laboriosam.', 2020, '', '', '1972-09-28 10:48:00',
        '1996-08-14 01:20:42', 3);
INSERT INTO `movie` (`id`, `title`, `year`, `descriprion`, `poster`, `created_at`, `updated_at`, `genre_id`)
VALUES (29, 'Adipisci aut et quia.', 2016, '', '', '1970-11-19 00:47:56', '1985-04-28 10:04:02', 4);
INSERT INTO `movie` (`id`, `title`, `year`, `descriprion`, `poster`, `created_at`, `updated_at`, `genre_id`)
VALUES (30, 'Dolores ratione blanditiis ut neque beatae perspiciatis.', 1976, '', '', '1984-06-12 16:17:35',
        '2017-08-06 20:27:36', 5);
INSERT INTO `movie` (`id`, `title`, `year`, `descriprion`, `poster`, `created_at`, `updated_at`, `genre_id`)
VALUES (31, 'Consequatur et officia commodi earum natus est nam.', 1998, '', '', '2001-08-26 01:45:15',
        '1995-08-02 17:43:18', 1);
INSERT INTO `movie` (`id`, `title`, `year`, `descriprion`, `poster`, `created_at`, `updated_at`, `genre_id`)
VALUES (32, 'Dolor culpa velit consequatur quis aut excepturi alias.', 2012, '', '', '1982-01-01 20:30:42',
        '2005-04-22 11:57:19', 2);
INSERT INTO `movie` (`id`, `title`, `year`, `descriprion`, `poster`, `created_at`, `updated_at`, `genre_id`)
VALUES (33, 'Tenetur mollitia dolore aut aliquam voluptas debitis magnam architecto.', 1992, '', '',
        '1974-05-11 23:20:56', '2006-03-23 16:04:12', 3);
INSERT INTO `movie` (`id`, `title`, `year`, `descriprion`, `poster`, `created_at`, `updated_at`, `genre_id`)
VALUES (34, 'Commodi id est occaecati a sint qui.', 2011, '', '', '2020-05-29 04:18:04', '2003-10-05 06:49:58', 4);
INSERT INTO `movie` (`id`, `title`, `year`, `descriprion`, `poster`, `created_at`, `updated_at`, `genre_id`)
VALUES (35, 'Asperiores alias recusandae velit eaque.', 1995, '', '', '1996-04-05 18:14:23', '1971-05-24 21:05:55', 5);
INSERT INTO `movie` (`id`, `title`, `year`, `descriprion`, `poster`, `created_at`, `updated_at`, `genre_id`)
VALUES (36, 'Nobis quia tempora sint dolorum doloribus incidunt.', 2008, '', '', '1999-09-19 22:57:37',
        '1994-11-12 19:33:18', 1);
INSERT INTO `movie` (`id`, `title`, `year`, `descriprion`, `poster`, `created_at`, `updated_at`, `genre_id`)
VALUES (37, 'Quis dolor rem blanditiis occaecati.', 2008, '', '', '1989-12-11 14:10:27', '1991-11-06 20:07:00', 2);
INSERT INTO `movie` (`id`, `title`, `year`, `descriprion`, `poster`, `created_at`, `updated_at`, `genre_id`)
VALUES (38, 'Sint autem inventore nisi ea porro est.', 1979, '', '', '2009-12-07 13:13:41', '1992-04-05 18:49:36', 3);
INSERT INTO `movie` (`id`, `title`, `year`, `descriprion`, `poster`, `created_at`, `updated_at`, `genre_id`)
VALUES (39, 'Tempora est pariatur aut.', 1985, '', '', '1984-01-04 15:26:34', '2000-01-05 18:04:19', 4);
INSERT INTO `movie` (`id`, `title`, `year`, `descriprion`, `poster`, `created_at`, `updated_at`, `genre_id`)
VALUES (40, 'Tempore quidem consequuntur sed ad.', 2006, '', '', '2017-05-11 21:58:21', '2012-05-08 17:24:30', 5);
INSERT INTO `movie` (`id`, `title`, `year`, `descriprion`, `poster`, `created_at`, `updated_at`, `genre_id`)
VALUES (41, 'Aliquam saepe delectus soluta neque eius.', 1982, '', '', '1973-11-01 08:00:15', '2018-01-09 13:28:18', 1);
INSERT INTO `movie` (`id`, `title`, `year`, `descriprion`, `poster`, `created_at`, `updated_at`, `genre_id`)
VALUES (42, 'Ab adipisci ab veritatis eligendi iusto placeat.', 1983, '', '', '1976-03-11 16:04:49',
        '1986-08-14 15:15:16', 2);
INSERT INTO `movie` (`id`, `title`, `year`, `descriprion`, `poster`, `created_at`, `updated_at`, `genre_id`)
VALUES (43, 'Commodi nesciunt facere nobis.', 1975, '', '', '1986-06-23 04:12:51', '2003-03-05 07:30:42', 3);
INSERT INTO `movie` (`id`, `title`, `year`, `descriprion`, `poster`, `created_at`, `updated_at`, `genre_id`)
VALUES (44, 'Et ratione et voluptatum accusantium.', 2001, '', '', '2009-09-12 23:49:56', '1970-07-03 08:29:27', 4);
INSERT INTO `movie` (`id`, `title`, `year`, `descriprion`, `poster`, `created_at`, `updated_at`, `genre_id`)
VALUES (45, 'Doloremque dolor ipsa fugit repellat.', 1973, '', '', '1995-03-09 13:39:13', '2015-02-01 02:34:37', 5);
INSERT INTO `movie` (`id`, `title`, `year`, `descriprion`, `poster`, `created_at`, `updated_at`, `genre_id`)
VALUES (46, 'Consequatur nisi esse voluptates vitae id laborum.', 1970, '', '', '2016-07-11 06:59:10',
        '1974-05-05 04:15:21', 1);
INSERT INTO `movie` (`id`, `title`, `year`, `descriprion`, `poster`, `created_at`, `updated_at`, `genre_id`)
VALUES (47, 'Adipisci nemo quaerat exercitationem et perspiciatis.', 1972, '', '', '1998-05-20 01:11:14',
        '2000-12-10 15:41:19', 2);
INSERT INTO `movie` (`id`, `title`, `year`, `descriprion`, `poster`, `created_at`, `updated_at`, `genre_id`)
VALUES (48, 'Laudantium aut ut omnis rerum nihil doloremque et eaque.', 1976, '', '', '1971-12-23 16:10:38',
        '1990-03-13 18:10:55', 3);
INSERT INTO `movie` (`id`, `title`, `year`, `descriprion`, `poster`, `created_at`, `updated_at`, `genre_id`)
VALUES (49, 'Et ipsam quidem ut.', 1994, '', '', '1974-09-10 13:52:31', '2011-05-12 20:17:18', 4);
INSERT INTO `movie` (`id`, `title`, `year`, `descriprion`, `poster`, `created_at`, `updated_at`, `genre_id`)
VALUES (50, 'Quia voluptatem iusto in exercitationem maxime ipsa.', 1982, '', '', '1979-09-05 23:22:45',
        '1993-09-15 14:56:13', 5);
INSERT INTO `movie` (`id`, `title`, `year`, `descriprion`, `poster`, `created_at`, `updated_at`, `genre_id`)
VALUES (51, 'Recusandae molestiae sed sunt commodi.', 2003, '', '', '2014-05-08 10:23:33', '2010-08-16 21:29:09', 1);
INSERT INTO `movie` (`id`, `title`, `year`, `descriprion`, `poster`, `created_at`, `updated_at`, `genre_id`)
VALUES (52, 'Sit eligendi sit culpa dolorem et.', 2011, '', '', '2004-07-27 06:17:05', '2015-04-13 07:04:10', 2);
INSERT INTO `movie` (`id`, `title`, `year`, `descriprion`, `poster`, `created_at`, `updated_at`, `genre_id`)
VALUES (53, 'Ullam soluta cumque provident quo ut.', 2007, '', '', '1972-12-19 03:56:24', '2001-05-13 01:47:41', 3);
INSERT INTO `movie` (`id`, `title`, `year`, `descriprion`, `poster`, `created_at`, `updated_at`, `genre_id`)
VALUES (54, 'Dolores assumenda aut unde iusto et.', 2008, '', '', '1973-04-09 05:48:16', '1976-12-21 07:52:24', 4);
INSERT INTO `movie` (`id`, `title`, `year`, `descriprion`, `poster`, `created_at`, `updated_at`, `genre_id`)
VALUES (55, 'Commodi cumque voluptatum et eveniet itaque repellendus.', 1992, '', '', '1973-03-25 12:27:11',
        '1979-11-07 23:25:46', 5);
INSERT INTO `movie` (`id`, `title`, `year`, `descriprion`, `poster`, `created_at`, `updated_at`, `genre_id`)
VALUES (56, 'Rem nam ad qui accusantium.', 2010, '', '', '1976-03-22 23:53:24', '2010-08-11 14:19:22', 1);
INSERT INTO `movie` (`id`, `title`, `year`, `descriprion`, `poster`, `created_at`, `updated_at`, `genre_id`)
VALUES (57, 'Non eveniet vitae ut aut.', 2015, '', '', '1979-04-02 07:27:20', '1993-01-28 04:44:14', 2);
INSERT INTO `movie` (`id`, `title`, `year`, `descriprion`, `poster`, `created_at`, `updated_at`, `genre_id`)
VALUES (58, 'Enim earum modi dolores voluptas earum.', 2020, '', '', '1996-09-08 20:43:27', '2018-08-20 22:26:26', 3);
INSERT INTO `movie` (`id`, `title`, `year`, `descriprion`, `poster`, `created_at`, `updated_at`, `genre_id`)
VALUES (59, 'Exercitationem perspiciatis illo nesciunt ut neque et molestiae et.', 1984, '', '', '1979-05-25 03:27:01',
        '1999-05-23 12:36:44', 4);
INSERT INTO `movie` (`id`, `title`, `year`, `descriprion`, `poster`, `created_at`, `updated_at`, `genre_id`)
VALUES (60, 'Molestias dolores rem eveniet facere.', 1995, '', '', '1974-04-25 18:28:39', '1993-11-09 02:49:57', 5);
INSERT INTO `movie` (`id`, `title`, `year`, `descriprion`, `poster`, `created_at`, `updated_at`, `genre_id`)
VALUES (61, 'Repellendus quia quaerat et.', 1986, '', '', '1998-09-12 02:59:18', '1981-09-06 09:07:18', 1);
INSERT INTO `movie` (`id`, `title`, `year`, `descriprion`, `poster`, `created_at`, `updated_at`, `genre_id`)
VALUES (62, 'Ducimus sit ipsa illo eligendi dolorem omnis.', 1979, '', '', '1992-01-10 23:22:14', '1992-08-04 17:59:25',
        2);
INSERT INTO `movie` (`id`, `title`, `year`, `descriprion`, `poster`, `created_at`, `updated_at`, `genre_id`)
VALUES (63, 'Quo architecto tenetur nihil laudantium nulla.', 1974, '', '', '2015-04-10 20:00:16',
        '1972-04-26 07:55:28', 3);
INSERT INTO `movie` (`id`, `title`, `year`, `descriprion`, `poster`, `created_at`, `updated_at`, `genre_id`)
VALUES (64, 'Hic quidem quis ipsam quis voluptates odit.', 1984, '', '', '1993-08-16 01:45:31', '2014-09-10 08:37:21',
        4);
INSERT INTO `movie` (`id`, `title`, `year`, `descriprion`, `poster`, `created_at`, `updated_at`, `genre_id`)
VALUES (65, 'Velit illum necessitatibus assumenda adipisci suscipit error praesentium voluptas.', 1997, '', '',
        '1988-12-25 17:57:45', '1987-12-27 16:51:36', 5);
INSERT INTO `movie` (`id`, `title`, `year`, `descriprion`, `poster`, `created_at`, `updated_at`, `genre_id`)
VALUES (66, 'Velit inventore non est.', 1977, '', '', '2003-11-21 20:08:06', '1990-03-25 04:46:09', 1);
INSERT INTO `movie` (`id`, `title`, `year`, `descriprion`, `poster`, `created_at`, `updated_at`, `genre_id`)
VALUES (67, 'Esse et ipsam incidunt saepe ipsum.', 1989, '', '', '1985-03-29 10:35:14', '2021-01-03 17:34:19', 2);
INSERT INTO `movie` (`id`, `title`, `year`, `descriprion`, `poster`, `created_at`, `updated_at`, `genre_id`)
VALUES (68, 'Aut aut enim soluta natus harum qui nobis.', 1983, '', '', '2013-05-26 09:48:13', '1986-06-25 21:00:43',
        3);
INSERT INTO `movie` (`id`, `title`, `year`, `descriprion`, `poster`, `created_at`, `updated_at`, `genre_id`)
VALUES (69, 'Non magni voluptatem sunt dolores.', 2000, '', '', '2013-08-23 15:48:23', '2017-11-18 20:50:04', 4);
INSERT INTO `movie` (`id`, `title`, `year`, `descriprion`, `poster`, `created_at`, `updated_at`, `genre_id`)
VALUES (70, 'Earum minima debitis vero nam perferendis sit recusandae.', 1987, '', '', '2007-04-09 17:27:35',
        '1991-08-02 05:10:01', 5);
INSERT INTO `movie` (`id`, `title`, `year`, `descriprion`, `poster`, `created_at`, `updated_at`, `genre_id`)
VALUES (71, 'Autem molestias culpa iusto et saepe rerum culpa similique.', 1995, '', '', '2017-02-24 11:08:03',
        '2003-09-28 12:41:50', 1);
INSERT INTO `movie` (`id`, `title`, `year`, `descriprion`, `poster`, `created_at`, `updated_at`, `genre_id`)
VALUES (72, 'Fuga incidunt a minus quia maiores et.', 1986, '', '', '1999-10-28 04:39:29', '1979-11-16 22:51:16', 2);
INSERT INTO `movie` (`id`, `title`, `year`, `descriprion`, `poster`, `created_at`, `updated_at`, `genre_id`)
VALUES (73, 'Expedita facere et exercitationem enim explicabo quisquam.', 2013, '', '', '1988-09-17 14:18:57',
        '1984-07-13 04:01:01', 3);
INSERT INTO `movie` (`id`, `title`, `year`, `descriprion`, `poster`, `created_at`, `updated_at`, `genre_id`)
VALUES (74, 'Blanditiis qui aliquid amet odio ut aperiam et aut.', 2002, '', '', '1981-09-25 21:04:59',
        '2002-12-05 14:36:58', 4);
INSERT INTO `movie` (`id`, `title`, `year`, `descriprion`, `poster`, `created_at`, `updated_at`, `genre_id`)
VALUES (75, 'Voluptatibus aut delectus rerum deleniti debitis et.', 1979, '', '', '1989-03-20 16:08:10',
        '1985-06-06 12:08:05', 5);
INSERT INTO `movie` (`id`, `title`, `year`, `descriprion`, `poster`, `created_at`, `updated_at`, `genre_id`)
VALUES (76, 'Vitae accusamus ut delectus.', 1992, '', '', '2013-10-31 19:01:08', '2010-03-18 03:28:56', 1);
INSERT INTO `movie` (`id`, `title`, `year`, `descriprion`, `poster`, `created_at`, `updated_at`, `genre_id`)
VALUES (77, 'Rerum ad tempora quo enim cumque velit.', 1988, '', '', '1994-10-03 21:16:05', '1987-06-08 12:54:20', 2);
INSERT INTO `movie` (`id`, `title`, `year`, `descriprion`, `poster`, `created_at`, `updated_at`, `genre_id`)
VALUES (78, 'Voluptate ratione et eos et rem perferendis.', 1990, '', '', '1993-12-18 18:15:51', '1983-08-28 04:12:37',
        3);
INSERT INTO `movie` (`id`, `title`, `year`, `descriprion`, `poster`, `created_at`, `updated_at`, `genre_id`)
VALUES (79, 'Velit facilis occaecati accusamus aut aut ut hic.', 1988, '', '', '2009-09-26 08:07:00',
        '1986-07-20 18:41:59', 4);
INSERT INTO `movie` (`id`, `title`, `year`, `descriprion`, `poster`, `created_at`, `updated_at`, `genre_id`)
VALUES (80, 'Libero impedit nostrum quod voluptatibus illo sit.', 1979, '', '', '2008-12-25 23:53:38',
        '1986-02-07 04:30:13', 5);
INSERT INTO `movie` (`id`, `title`, `year`, `descriprion`, `poster`, `created_at`, `updated_at`, `genre_id`)
VALUES (81, 'Incidunt porro iste eius iusto deserunt distinctio.', 1977, '', '', '1973-02-20 13:24:36',
        '2003-05-21 01:18:03', 1);
INSERT INTO `movie` (`id`, `title`, `year`, `descriprion`, `poster`, `created_at`, `updated_at`, `genre_id`)
VALUES (82, 'Et omnis aperiam tempore sed aut.', 2021, '', '', '1978-05-17 07:14:53', '1978-03-13 03:30:29', 2);
INSERT INTO `movie` (`id`, `title`, `year`, `descriprion`, `poster`, `created_at`, `updated_at`, `genre_id`)
VALUES (83, 'Nisi aut repellendus iusto aliquam repudiandae.', 1996, '', '', '1997-03-23 09:11:06',
        '1982-09-05 15:53:25', 3);
INSERT INTO `movie` (`id`, `title`, `year`, `descriprion`, `poster`, `created_at`, `updated_at`, `genre_id`)
VALUES (84, 'Et at delectus quam sint eligendi.', 1975, '', '', '1976-06-23 14:34:25', '1974-06-22 12:28:55', 4);
INSERT INTO `movie` (`id`, `title`, `year`, `descriprion`, `poster`, `created_at`, `updated_at`, `genre_id`)
VALUES (85, 'Quasi deserunt aut et est itaque corrupti alias.', 2020, '', '', '2007-12-11 10:56:51',
        '1982-10-21 14:03:43', 5);
INSERT INTO `movie` (`id`, `title`, `year`, `descriprion`, `poster`, `created_at`, `updated_at`, `genre_id`)
VALUES (86, 'Enim fugiat voluptatem et nihil sunt minus magni.', 2003, '', '', '2019-06-04 19:22:49',
        '1998-07-24 11:22:48', 1);
INSERT INTO `movie` (`id`, `title`, `year`, `descriprion`, `poster`, `created_at`, `updated_at`, `genre_id`)
VALUES (87, 'Nostrum quae repellat eligendi dolor maiores nihil ut.', 1996, '', '', '2012-09-14 15:21:19',
        '1992-07-13 19:29:30', 2);
INSERT INTO `movie` (`id`, `title`, `year`, `descriprion`, `poster`, `created_at`, `updated_at`, `genre_id`)
VALUES (88, 'Ad sed et fuga voluptatem similique nesciunt qui.', 2017, '', '', '2013-04-01 10:44:41',
        '1974-01-27 02:27:12', 3);
INSERT INTO `movie` (`id`, `title`, `year`, `descriprion`, `poster`, `created_at`, `updated_at`, `genre_id`)
VALUES (89, 'Quidem eius quidem aut voluptate sunt quo.', 2019, '', '', '1975-09-27 11:04:30', '1971-04-12 05:28:19',
        4);
INSERT INTO `movie` (`id`, `title`, `year`, `descriprion`, `poster`, `created_at`, `updated_at`, `genre_id`)
VALUES (90, 'Excepturi ut fugit ipsam eos et rerum praesentium.', 1985, '', '', '1970-02-27 10:41:28',
        '1998-02-18 05:30:39', 5);
INSERT INTO `movie` (`id`, `title`, `year`, `descriprion`, `poster`, `created_at`, `updated_at`, `genre_id`)
VALUES (91, 'Libero ut velit eveniet error suscipit delectus debitis voluptatum.', 2001, '', '', '1981-02-21 14:23:01',
        '1995-02-21 12:57:22', 1);
INSERT INTO `movie` (`id`, `title`, `year`, `descriprion`, `poster`, `created_at`, `updated_at`, `genre_id`)
VALUES (92, 'Provident amet sunt nobis laudantium soluta velit.', 1991, '', '', '1996-10-18 02:30:08',
        '1992-10-11 17:32:28', 2);
INSERT INTO `movie` (`id`, `title`, `year`, `descriprion`, `poster`, `created_at`, `updated_at`, `genre_id`)
VALUES (93, 'Odit eveniet iste ut.', 1984, '', '', '2016-02-22 21:57:24', '1971-09-09 21:48:19', 3);
INSERT INTO `movie` (`id`, `title`, `year`, `descriprion`, `poster`, `created_at`, `updated_at`, `genre_id`)
VALUES (94, 'Ratione voluptatum ea doloremque ut.', 1973, '', '', '1989-08-13 01:13:43', '1977-10-29 13:13:11', 4);
INSERT INTO `movie` (`id`, `title`, `year`, `descriprion`, `poster`, `created_at`, `updated_at`, `genre_id`)
VALUES (95, 'Repellat ducimus accusantium saepe dignissimos.', 2015, '', '', '1985-11-14 11:38:39',
        '1980-07-23 13:34:24', 5);
INSERT INTO `movie` (`id`, `title`, `year`, `descriprion`, `poster`, `created_at`, `updated_at`, `genre_id`)
VALUES (96, 'Quasi commodi enim officiis dolore.', 1997, '', '', '1975-06-03 00:21:01', '1979-05-17 19:39:36', 1);
INSERT INTO `movie` (`id`, `title`, `year`, `descriprion`, `poster`, `created_at`, `updated_at`, `genre_id`)
VALUES (97, 'Iure sapiente dolor recusandae ratione odit et blanditiis vero.', 2005, '', '', '2000-05-31 23:04:33',
        '1981-08-10 23:28:36', 2);
INSERT INTO `movie` (`id`, `title`, `year`, `descriprion`, `poster`, `created_at`, `updated_at`, `genre_id`)
VALUES (98, 'Repudiandae explicabo mollitia laborum fugiat.', 2005, '', '', '1985-03-08 19:51:29',
        '1976-07-15 08:54:58', 3);
INSERT INTO `movie` (`id`, `title`, `year`, `descriprion`, `poster`, `created_at`, `updated_at`, `genre_id`)
VALUES (99, 'Maiores omnis modi dolores cupiditate.', 1980, '', '', '1988-10-15 23:52:49', '1996-08-14 04:03:36', 4);
INSERT INTO `movie` (`id`, `title`, `year`, `descriprion`, `poster`, `created_at`, `updated_at`, `genre_id`)
VALUES (100, 'Quia assumenda et magni incidunt praesentium quod.', 1981, '', '', '2008-09-12 10:52:29',
        '1994-02-01 09:50:34', 5);

INSERT INTO `actor_in_movie` (`id`, `movie_id`, `actor_id`)
VALUES (1, 1, 1);
INSERT INTO `actor_in_movie` (`id`, `movie_id`, `actor_id`)
VALUES (2, 2, 2);
INSERT INTO `actor_in_movie` (`id`, `movie_id`, `actor_id`)
VALUES (3, 3, 3);
INSERT INTO `actor_in_movie` (`id`, `movie_id`, `actor_id`)
VALUES (4, 4, 4);
INSERT INTO `actor_in_movie` (`id`, `movie_id`, `actor_id`)
VALUES (5, 5, 5);
INSERT INTO `actor_in_movie` (`id`, `movie_id`, `actor_id`)
VALUES (6, 6, 6);
INSERT INTO `actor_in_movie` (`id`, `movie_id`, `actor_id`)
VALUES (7, 7, 7);
INSERT INTO `actor_in_movie` (`id`, `movie_id`, `actor_id`)
VALUES (8, 8, 8);
INSERT INTO `actor_in_movie` (`id`, `movie_id`, `actor_id`)
VALUES (9, 9, 9);
INSERT INTO `actor_in_movie` (`id`, `movie_id`, `actor_id`)
VALUES (10, 10, 10);
INSERT INTO `actor_in_movie` (`id`, `movie_id`, `actor_id`)
VALUES (11, 11, 11);
INSERT INTO `actor_in_movie` (`id`, `movie_id`, `actor_id`)
VALUES (12, 12, 12);
INSERT INTO `actor_in_movie` (`id`, `movie_id`, `actor_id`)
VALUES (13, 13, 13);
INSERT INTO `actor_in_movie` (`id`, `movie_id`, `actor_id`)
VALUES (14, 14, 14);
INSERT INTO `actor_in_movie` (`id`, `movie_id`, `actor_id`)
VALUES (15, 15, 15);
INSERT INTO `actor_in_movie` (`id`, `movie_id`, `actor_id`)
VALUES (16, 16, 16);
INSERT INTO `actor_in_movie` (`id`, `movie_id`, `actor_id`)
VALUES (17, 17, 17);
INSERT INTO `actor_in_movie` (`id`, `movie_id`, `actor_id`)
VALUES (18, 18, 18);
INSERT INTO `actor_in_movie` (`id`, `movie_id`, `actor_id`)
VALUES (19, 19, 19);
INSERT INTO `actor_in_movie` (`id`, `movie_id`, `actor_id`)
VALUES (20, 20, 20);
INSERT INTO `actor_in_movie` (`id`, `movie_id`, `actor_id`)
VALUES (21, 21, 21);
INSERT INTO `actor_in_movie` (`id`, `movie_id`, `actor_id`)
VALUES (22, 22, 22);
INSERT INTO `actor_in_movie` (`id`, `movie_id`, `actor_id`)
VALUES (23, 23, 23);
INSERT INTO `actor_in_movie` (`id`, `movie_id`, `actor_id`)
VALUES (24, 24, 24);
INSERT INTO `actor_in_movie` (`id`, `movie_id`, `actor_id`)
VALUES (25, 25, 25);
INSERT INTO `actor_in_movie` (`id`, `movie_id`, `actor_id`)
VALUES (26, 26, 26);
INSERT INTO `actor_in_movie` (`id`, `movie_id`, `actor_id`)
VALUES (27, 27, 27);
INSERT INTO `actor_in_movie` (`id`, `movie_id`, `actor_id`)
VALUES (28, 28, 28);
INSERT INTO `actor_in_movie` (`id`, `movie_id`, `actor_id`)
VALUES (29, 29, 29);
INSERT INTO `actor_in_movie` (`id`, `movie_id`, `actor_id`)
VALUES (30, 30, 30);
INSERT INTO `actor_in_movie` (`id`, `movie_id`, `actor_id`)
VALUES (31, 31, 31);
INSERT INTO `actor_in_movie` (`id`, `movie_id`, `actor_id`)
VALUES (32, 32, 32);
INSERT INTO `actor_in_movie` (`id`, `movie_id`, `actor_id`)
VALUES (33, 33, 33);
INSERT INTO `actor_in_movie` (`id`, `movie_id`, `actor_id`)
VALUES (34, 34, 34);
INSERT INTO `actor_in_movie` (`id`, `movie_id`, `actor_id`)
VALUES (35, 35, 35);
INSERT INTO `actor_in_movie` (`id`, `movie_id`, `actor_id`)
VALUES (36, 36, 36);
INSERT INTO `actor_in_movie` (`id`, `movie_id`, `actor_id`)
VALUES (37, 37, 37);
INSERT INTO `actor_in_movie` (`id`, `movie_id`, `actor_id`)
VALUES (38, 38, 38);
INSERT INTO `actor_in_movie` (`id`, `movie_id`, `actor_id`)
VALUES (39, 39, 39);
INSERT INTO `actor_in_movie` (`id`, `movie_id`, `actor_id`)
VALUES (40, 40, 40);
INSERT INTO `actor_in_movie` (`id`, `movie_id`, `actor_id`)
VALUES (41, 41, 41);
INSERT INTO `actor_in_movie` (`id`, `movie_id`, `actor_id`)
VALUES (42, 42, 42);
INSERT INTO `actor_in_movie` (`id`, `movie_id`, `actor_id`)
VALUES (43, 43, 43);
INSERT INTO `actor_in_movie` (`id`, `movie_id`, `actor_id`)
VALUES (44, 44, 44);
INSERT INTO `actor_in_movie` (`id`, `movie_id`, `actor_id`)
VALUES (45, 45, 45);
INSERT INTO `actor_in_movie` (`id`, `movie_id`, `actor_id`)
VALUES (46, 46, 46);
INSERT INTO `actor_in_movie` (`id`, `movie_id`, `actor_id`)
VALUES (47, 47, 47);
INSERT INTO `actor_in_movie` (`id`, `movie_id`, `actor_id`)
VALUES (48, 48, 48);
INSERT INTO `actor_in_movie` (`id`, `movie_id`, `actor_id`)
VALUES (49, 49, 49);
INSERT INTO `actor_in_movie` (`id`, `movie_id`, `actor_id`)
VALUES (50, 50, 50);
INSERT INTO `actor_in_movie` (`id`, `movie_id`, `actor_id`)
VALUES (51, 51, 51);
INSERT INTO `actor_in_movie` (`id`, `movie_id`, `actor_id`)
VALUES (52, 52, 52);
INSERT INTO `actor_in_movie` (`id`, `movie_id`, `actor_id`)
VALUES (53, 53, 53);
INSERT INTO `actor_in_movie` (`id`, `movie_id`, `actor_id`)
VALUES (54, 54, 54);
INSERT INTO `actor_in_movie` (`id`, `movie_id`, `actor_id`)
VALUES (55, 55, 55);
INSERT INTO `actor_in_movie` (`id`, `movie_id`, `actor_id`)
VALUES (56, 56, 56);
INSERT INTO `actor_in_movie` (`id`, `movie_id`, `actor_id`)
VALUES (57, 57, 57);
INSERT INTO `actor_in_movie` (`id`, `movie_id`, `actor_id`)
VALUES (58, 58, 58);
INSERT INTO `actor_in_movie` (`id`, `movie_id`, `actor_id`)
VALUES (59, 59, 59);
INSERT INTO `actor_in_movie` (`id`, `movie_id`, `actor_id`)
VALUES (60, 60, 60);
INSERT INTO `actor_in_movie` (`id`, `movie_id`, `actor_id`)
VALUES (61, 61, 61);
INSERT INTO `actor_in_movie` (`id`, `movie_id`, `actor_id`)
VALUES (62, 62, 62);
INSERT INTO `actor_in_movie` (`id`, `movie_id`, `actor_id`)
VALUES (63, 63, 63);
INSERT INTO `actor_in_movie` (`id`, `movie_id`, `actor_id`)
VALUES (64, 64, 64);
INSERT INTO `actor_in_movie` (`id`, `movie_id`, `actor_id`)
VALUES (65, 65, 65);
INSERT INTO `actor_in_movie` (`id`, `movie_id`, `actor_id`)
VALUES (66, 66, 66);
INSERT INTO `actor_in_movie` (`id`, `movie_id`, `actor_id`)
VALUES (67, 67, 67);
INSERT INTO `actor_in_movie` (`id`, `movie_id`, `actor_id`)
VALUES (68, 68, 68);
INSERT INTO `actor_in_movie` (`id`, `movie_id`, `actor_id`)
VALUES (69, 69, 69);
INSERT INTO `actor_in_movie` (`id`, `movie_id`, `actor_id`)
VALUES (70, 70, 70);
INSERT INTO `actor_in_movie` (`id`, `movie_id`, `actor_id`)
VALUES (71, 71, 71);
INSERT INTO `actor_in_movie` (`id`, `movie_id`, `actor_id`)
VALUES (72, 72, 72);
INSERT INTO `actor_in_movie` (`id`, `movie_id`, `actor_id`)
VALUES (73, 73, 73);
INSERT INTO `actor_in_movie` (`id`, `movie_id`, `actor_id`)
VALUES (74, 74, 74);
INSERT INTO `actor_in_movie` (`id`, `movie_id`, `actor_id`)
VALUES (75, 75, 75);
INSERT INTO `actor_in_movie` (`id`, `movie_id`, `actor_id`)
VALUES (76, 76, 76);
INSERT INTO `actor_in_movie` (`id`, `movie_id`, `actor_id`)
VALUES (77, 77, 77);
INSERT INTO `actor_in_movie` (`id`, `movie_id`, `actor_id`)
VALUES (78, 78, 78);
INSERT INTO `actor_in_movie` (`id`, `movie_id`, `actor_id`)
VALUES (79, 79, 79);
INSERT INTO `actor_in_movie` (`id`, `movie_id`, `actor_id`)
VALUES (80, 80, 80);
INSERT INTO `actor_in_movie` (`id`, `movie_id`, `actor_id`)
VALUES (81, 81, 81);
INSERT INTO `actor_in_movie` (`id`, `movie_id`, `actor_id`)
VALUES (82, 82, 82);
INSERT INTO `actor_in_movie` (`id`, `movie_id`, `actor_id`)
VALUES (83, 83, 83);
INSERT INTO `actor_in_movie` (`id`, `movie_id`, `actor_id`)
VALUES (84, 84, 84);
INSERT INTO `actor_in_movie` (`id`, `movie_id`, `actor_id`)
VALUES (85, 85, 85);
INSERT INTO `actor_in_movie` (`id`, `movie_id`, `actor_id`)
VALUES (86, 86, 86);
INSERT INTO `actor_in_movie` (`id`, `movie_id`, `actor_id`)
VALUES (87, 87, 87);
INSERT INTO `actor_in_movie` (`id`, `movie_id`, `actor_id`)
VALUES (88, 88, 88);
INSERT INTO `actor_in_movie` (`id`, `movie_id`, `actor_id`)
VALUES (89, 89, 89);
INSERT INTO `actor_in_movie` (`id`, `movie_id`, `actor_id`)
VALUES (90, 90, 90);
INSERT INTO `actor_in_movie` (`id`, `movie_id`, `actor_id`)
VALUES (91, 91, 91);
INSERT INTO `actor_in_movie` (`id`, `movie_id`, `actor_id`)
VALUES (92, 92, 92);
INSERT INTO `actor_in_movie` (`id`, `movie_id`, `actor_id`)
VALUES (93, 93, 93);
INSERT INTO `actor_in_movie` (`id`, `movie_id`, `actor_id`)
VALUES (94, 94, 94);
INSERT INTO `actor_in_movie` (`id`, `movie_id`, `actor_id`)
VALUES (95, 95, 95);
INSERT INTO `actor_in_movie` (`id`, `movie_id`, `actor_id`)
VALUES (96, 96, 96);
INSERT INTO `actor_in_movie` (`id`, `movie_id`, `actor_id`)
VALUES (97, 97, 97);
INSERT INTO `actor_in_movie` (`id`, `movie_id`, `actor_id`)
VALUES (98, 98, 98);
INSERT INTO `actor_in_movie` (`id`, `movie_id`, `actor_id`)
VALUES (99, 99, 99);
INSERT INTO `actor_in_movie` (`id`, `movie_id`, `actor_id`)
VALUES (100, 100, 100);

INSERT INTO `producer` (`id`, `name`, `last_name`, `year_birth`, `created_at`, `updated_at`)
VALUES (1, 'recusandae', 'Effertz', '1996', '1989-02-25 11:23:48', '1987-03-15 20:39:05');
INSERT INTO `producer` (`id`, `name`, `last_name`, `year_birth`, `created_at`, `updated_at`)
VALUES (2, 'qui', 'Pollich', '1974', '1994-01-10 02:11:12', '2003-03-23 19:09:01');
INSERT INTO `producer` (`id`, `name`, `last_name`, `year_birth`, `created_at`, `updated_at`)
VALUES (3, 'nulla', 'Ratke', '1982', '2005-11-03 20:41:16', '2006-01-07 16:13:06');
INSERT INTO `producer` (`id`, `name`, `last_name`, `year_birth`, `created_at`, `updated_at`)
VALUES (4, 'iure', 'Walter', '1980', '2005-06-11 16:26:23', '1977-06-09 04:32:13');
INSERT INTO `producer` (`id`, `name`, `last_name`, `year_birth`, `created_at`, `updated_at`)
VALUES (5, 'nesciunt', 'Becker', '1980', '1977-12-08 14:22:28', '2018-03-23 19:13:03');
INSERT INTO `producer` (`id`, `name`, `last_name`, `year_birth`, `created_at`, `updated_at`)
VALUES (6, 'molestias', 'Bauch', '2010', '1987-10-06 19:39:13', '2020-12-15 15:13:45');
INSERT INTO `producer` (`id`, `name`, `last_name`, `year_birth`, `created_at`, `updated_at`)
VALUES (7, 'id', 'Schamberger', '1987', '1987-11-04 15:52:11', '1985-05-21 00:44:40');
INSERT INTO `producer` (`id`, `name`, `last_name`, `year_birth`, `created_at`, `updated_at`)
VALUES (8, 'voluptatem', 'Lesch', '2020', '1976-04-19 17:51:41', '1975-10-27 20:28:58');
INSERT INTO `producer` (`id`, `name`, `last_name`, `year_birth`, `created_at`, `updated_at`)
VALUES (9, 'est', 'Towne', '1996', '1987-01-04 07:33:20', '2005-05-23 15:06:48');
INSERT INTO `producer` (`id`, `name`, `last_name`, `year_birth`, `created_at`, `updated_at`)
VALUES (10, 'blanditiis', 'Beer', '1992', '2006-11-08 11:40:12', '1993-10-16 06:44:00');
INSERT INTO `producer` (`id`, `name`, `last_name`, `year_birth`, `created_at`, `updated_at`)
VALUES (11, 'nisi', 'Schiller', '2007', '2006-06-16 12:30:34', '1993-10-23 16:38:43');
INSERT INTO `producer` (`id`, `name`, `last_name`, `year_birth`, `created_at`, `updated_at`)
VALUES (12, 'ut', 'Ruecker', '1970', '1991-11-23 17:53:31', '1990-03-19 17:38:31');
INSERT INTO `producer` (`id`, `name`, `last_name`, `year_birth`, `created_at`, `updated_at`)
VALUES (13, 'totam', 'Mertz', '1989', '2000-04-21 13:18:00', '1971-01-07 09:57:47');
INSERT INTO `producer` (`id`, `name`, `last_name`, `year_birth`, `created_at`, `updated_at`)
VALUES (14, 'molestiae', 'Brakus', '1987', '2009-09-18 22:05:31', '1990-03-05 13:57:24');
INSERT INTO `producer` (`id`, `name`, `last_name`, `year_birth`, `created_at`, `updated_at`)
VALUES (15, 'eligendi', 'Champlin', '1985', '1975-11-19 09:55:19', '1974-11-12 15:48:38');
INSERT INTO `producer` (`id`, `name`, `last_name`, `year_birth`, `created_at`, `updated_at`)
VALUES (16, 'ipsam', 'Frami', '1979', '1970-12-29 11:05:09', '1971-02-17 05:16:06');
INSERT INTO `producer` (`id`, `name`, `last_name`, `year_birth`, `created_at`, `updated_at`)
VALUES (17, 'incidunt', 'Howell', '2009', '1972-08-05 23:29:56', '1972-02-05 01:19:18');
INSERT INTO `producer` (`id`, `name`, `last_name`, `year_birth`, `created_at`, `updated_at`)
VALUES (18, 'ea', 'Moore', '1994', '1979-01-09 05:46:25', '1983-12-12 17:49:00');
INSERT INTO `producer` (`id`, `name`, `last_name`, `year_birth`, `created_at`, `updated_at`)
VALUES (19, 'asperiores', 'Ratke', '1985', '1971-10-18 18:58:55', '1973-11-16 05:33:06');
INSERT INTO `producer` (`id`, `name`, `last_name`, `year_birth`, `created_at`, `updated_at`)
VALUES (20, 'ex', 'Skiles', '1987', '2004-01-13 10:33:20', '2003-01-03 07:35:51');
INSERT INTO `producer` (`id`, `name`, `last_name`, `year_birth`, `created_at`, `updated_at`)
VALUES (21, 'voluptatum', 'Conn', '2001', '2018-07-06 12:07:54', '1971-06-14 07:24:20');
INSERT INTO `producer` (`id`, `name`, `last_name`, `year_birth`, `created_at`, `updated_at`)
VALUES (22, 'omnis', 'Cronin', '2008', '2014-03-30 08:56:33', '2018-05-14 22:22:15');
INSERT INTO `producer` (`id`, `name`, `last_name`, `year_birth`, `created_at`, `updated_at`)
VALUES (23, 'officia', 'Schuppe', '1987', '1983-12-19 00:07:00', '1985-06-13 08:03:36');
INSERT INTO `producer` (`id`, `name`, `last_name`, `year_birth`, `created_at`, `updated_at`)
VALUES (24, 'qui', 'Krajcik', '1986', '2011-01-12 07:40:53', '1984-08-29 16:07:48');
INSERT INTO `producer` (`id`, `name`, `last_name`, `year_birth`, `created_at`, `updated_at`)
VALUES (25, 'et', 'Swaniawski', '2010', '2005-11-20 11:42:59', '2020-10-21 09:20:36');
INSERT INTO `producer` (`id`, `name`, `last_name`, `year_birth`, `created_at`, `updated_at`)
VALUES (26, 'doloribus', 'Kovacek', '2003', '2008-08-24 13:46:38', '1982-12-28 14:53:01');
INSERT INTO `producer` (`id`, `name`, `last_name`, `year_birth`, `created_at`, `updated_at`)
VALUES (27, 'omnis', 'Quitzon', '2009', '1985-04-04 10:18:05', '1976-07-14 11:05:16');
INSERT INTO `producer` (`id`, `name`, `last_name`, `year_birth`, `created_at`, `updated_at`)
VALUES (28, 'laborum', 'Hammes', '1992', '1992-02-14 10:31:39', '2010-06-19 10:53:15');
INSERT INTO `producer` (`id`, `name`, `last_name`, `year_birth`, `created_at`, `updated_at`)
VALUES (29, 'laborum', 'Brekke', '1999', '2013-11-23 15:17:49', '1992-07-28 04:46:42');
INSERT INTO `producer` (`id`, `name`, `last_name`, `year_birth`, `created_at`, `updated_at`)
VALUES (30, 'vel', 'Emmerich', '2014', '1979-07-17 08:06:52', '2001-07-10 19:11:33');
INSERT INTO `producer` (`id`, `name`, `last_name`, `year_birth`, `created_at`, `updated_at`)
VALUES (31, 'nostrum', 'Cummerata', '1996', '2020-11-28 10:10:24', '1998-11-02 19:29:04');
INSERT INTO `producer` (`id`, `name`, `last_name`, `year_birth`, `created_at`, `updated_at`)
VALUES (32, 'deserunt', 'Kuhlman', '2012', '2012-06-28 04:42:12', '2002-05-20 03:21:48');
INSERT INTO `producer` (`id`, `name`, `last_name`, `year_birth`, `created_at`, `updated_at`)
VALUES (33, 'dolorum', 'Smitham', '1974', '1991-02-22 00:14:39', '1986-08-25 05:50:45');
INSERT INTO `producer` (`id`, `name`, `last_name`, `year_birth`, `created_at`, `updated_at`)
VALUES (34, 'qui', 'Wolff', '2002', '1982-10-29 12:13:51', '2004-03-28 05:08:05');
INSERT INTO `producer` (`id`, `name`, `last_name`, `year_birth`, `created_at`, `updated_at`)
VALUES (35, 'ut', 'Larkin', '1985', '1989-04-06 10:00:04', '1999-03-24 05:11:56');
INSERT INTO `producer` (`id`, `name`, `last_name`, `year_birth`, `created_at`, `updated_at`)
VALUES (36, 'ipsum', 'Green', '2016', '2018-11-07 04:58:54', '1978-05-14 00:55:27');
INSERT INTO `producer` (`id`, `name`, `last_name`, `year_birth`, `created_at`, `updated_at`)
VALUES (37, 'ad', 'Barton', '1973', '1985-02-20 23:03:47', '1993-09-04 19:23:13');
INSERT INTO `producer` (`id`, `name`, `last_name`, `year_birth`, `created_at`, `updated_at`)
VALUES (38, 'ea', 'Roob', '1999', '2000-07-25 00:06:17', '1984-09-30 23:42:02');
INSERT INTO `producer` (`id`, `name`, `last_name`, `year_birth`, `created_at`, `updated_at`)
VALUES (39, 'animi', 'Lang', '1975', '1980-07-30 16:54:43', '1971-05-30 14:24:25');
INSERT INTO `producer` (`id`, `name`, `last_name`, `year_birth`, `created_at`, `updated_at`)
VALUES (40, 'aspernatur', 'Zieme', '2006', '2013-03-31 20:35:42', '2011-02-24 05:01:08');
INSERT INTO `producer` (`id`, `name`, `last_name`, `year_birth`, `created_at`, `updated_at`)
VALUES (41, 'vitae', 'Bauch', '2008', '1970-09-19 11:53:42', '1976-05-14 23:45:10');
INSERT INTO `producer` (`id`, `name`, `last_name`, `year_birth`, `created_at`, `updated_at`)
VALUES (42, 'impedit', 'Rohan', '2004', '1996-12-02 09:43:32', '1971-06-01 09:56:26');
INSERT INTO `producer` (`id`, `name`, `last_name`, `year_birth`, `created_at`, `updated_at`)
VALUES (43, 'deleniti', 'Fisher', '2005', '1987-09-16 05:36:38', '1984-05-11 14:52:22');
INSERT INTO `producer` (`id`, `name`, `last_name`, `year_birth`, `created_at`, `updated_at`)
VALUES (44, 'eos', 'Berge', '2005', '1983-07-30 04:21:26', '1991-03-22 21:08:13');
INSERT INTO `producer` (`id`, `name`, `last_name`, `year_birth`, `created_at`, `updated_at`)
VALUES (45, 'quis', 'Yundt', '1975', '1980-04-12 03:49:34', '2016-10-30 21:09:53');
INSERT INTO `producer` (`id`, `name`, `last_name`, `year_birth`, `created_at`, `updated_at`)
VALUES (46, 'quo', 'Kertzmann', '1988', '2015-01-11 17:57:33', '2014-02-13 08:50:51');
INSERT INTO `producer` (`id`, `name`, `last_name`, `year_birth`, `created_at`, `updated_at`)
VALUES (47, 'sint', 'Wuckert', '1993', '1986-01-28 23:50:05', '2005-06-15 00:23:10');
INSERT INTO `producer` (`id`, `name`, `last_name`, `year_birth`, `created_at`, `updated_at`)
VALUES (48, 'quo', 'Corkery', '2016', '1989-11-22 03:10:51', '2020-05-25 12:14:47');
INSERT INTO `producer` (`id`, `name`, `last_name`, `year_birth`, `created_at`, `updated_at`)
VALUES (49, 'expedita', 'Weber', '2014', '2016-02-14 10:21:18', '1973-09-12 02:12:23');
INSERT INTO `producer` (`id`, `name`, `last_name`, `year_birth`, `created_at`, `updated_at`)
VALUES (50, 'et', 'Stark', '1996', '2007-04-05 19:37:11', '2006-08-12 18:35:51');
INSERT INTO `producer` (`id`, `name`, `last_name`, `year_birth`, `created_at`, `updated_at`)
VALUES (51, 'natus', 'Kertzmann', '1996', '2003-11-05 09:04:07', '1999-06-29 07:19:37');
INSERT INTO `producer` (`id`, `name`, `last_name`, `year_birth`, `created_at`, `updated_at`)
VALUES (52, 'quia', 'Ebert', '1993', '2018-09-18 14:47:27', '1979-06-15 21:17:45');
INSERT INTO `producer` (`id`, `name`, `last_name`, `year_birth`, `created_at`, `updated_at`)
VALUES (53, 'sunt', 'Schmitt', '2000', '1973-05-21 01:07:44', '2016-02-08 04:21:13');
INSERT INTO `producer` (`id`, `name`, `last_name`, `year_birth`, `created_at`, `updated_at`)
VALUES (54, 'enim', 'McKenzie', '2018', '1985-10-03 04:03:22', '2006-10-16 11:45:26');
INSERT INTO `producer` (`id`, `name`, `last_name`, `year_birth`, `created_at`, `updated_at`)
VALUES (55, 'excepturi', 'Treutel', '2014', '1973-09-02 17:33:40', '1999-07-07 21:43:15');
INSERT INTO `producer` (`id`, `name`, `last_name`, `year_birth`, `created_at`, `updated_at`)
VALUES (56, 'cumque', 'Feeney', '1992', '2000-02-07 23:53:34', '2020-10-02 10:19:33');
INSERT INTO `producer` (`id`, `name`, `last_name`, `year_birth`, `created_at`, `updated_at`)
VALUES (57, 'est', 'Ortiz', '2018', '2017-12-19 09:37:44', '1974-04-12 20:06:17');
INSERT INTO `producer` (`id`, `name`, `last_name`, `year_birth`, `created_at`, `updated_at`)
VALUES (58, 'veniam', 'Kutch', '1999', '1991-07-05 05:14:36', '1987-07-12 13:02:40');
INSERT INTO `producer` (`id`, `name`, `last_name`, `year_birth`, `created_at`, `updated_at`)
VALUES (59, 'rerum', 'Conn', '1979', '1991-04-12 16:50:45', '1979-01-04 07:31:25');
INSERT INTO `producer` (`id`, `name`, `last_name`, `year_birth`, `created_at`, `updated_at`)
VALUES (60, 'voluptatem', 'Jacobs', '1971', '1971-06-24 11:23:06', '1995-01-17 05:31:04');
INSERT INTO `producer` (`id`, `name`, `last_name`, `year_birth`, `created_at`, `updated_at`)
VALUES (61, 'quam', 'Christiansen', '2016', '2009-03-27 11:04:18', '1999-09-22 00:20:25');
INSERT INTO `producer` (`id`, `name`, `last_name`, `year_birth`, `created_at`, `updated_at`)
VALUES (62, 'dolorum', 'Klein', '2016', '2003-03-17 23:52:39', '2002-08-02 22:44:56');
INSERT INTO `producer` (`id`, `name`, `last_name`, `year_birth`, `created_at`, `updated_at`)
VALUES (63, 'doloribus', 'Wisozk', '2018', '1998-07-08 05:09:36', '2004-03-09 09:49:51');
INSERT INTO `producer` (`id`, `name`, `last_name`, `year_birth`, `created_at`, `updated_at`)
VALUES (64, 'deleniti', 'Flatley', '1989', '1987-01-25 04:45:55', '1977-11-13 05:41:54');
INSERT INTO `producer` (`id`, `name`, `last_name`, `year_birth`, `created_at`, `updated_at`)
VALUES (65, 'aperiam', 'Reynolds', '2009', '1973-08-12 19:23:30', '2000-11-18 03:42:59');
INSERT INTO `producer` (`id`, `name`, `last_name`, `year_birth`, `created_at`, `updated_at`)
VALUES (66, 'laudantium', 'Hackett', '2004', '2012-02-09 03:17:21', '1975-07-25 02:38:06');
INSERT INTO `producer` (`id`, `name`, `last_name`, `year_birth`, `created_at`, `updated_at`)
VALUES (67, 'aspernatur', 'Vandervort', '1995', '2010-11-12 00:40:20', '1986-04-09 22:53:20');
INSERT INTO `producer` (`id`, `name`, `last_name`, `year_birth`, `created_at`, `updated_at`)
VALUES (68, 'et', 'Nitzsche', '2019', '1990-07-19 12:34:25', '1984-09-08 13:48:28');
INSERT INTO `producer` (`id`, `name`, `last_name`, `year_birth`, `created_at`, `updated_at`)
VALUES (69, 'voluptatem', 'Langworth', '1977', '1990-05-28 15:47:48', '1984-09-15 01:38:57');
INSERT INTO `producer` (`id`, `name`, `last_name`, `year_birth`, `created_at`, `updated_at`)
VALUES (70, 'voluptas', 'Balistreri', '2002', '1998-10-04 01:14:03', '2003-03-31 09:40:38');
INSERT INTO `producer` (`id`, `name`, `last_name`, `year_birth`, `created_at`, `updated_at`)
VALUES (71, 'tempora', 'Gislason', '2005', '1980-03-18 06:11:18', '2019-06-02 10:21:29');
INSERT INTO `producer` (`id`, `name`, `last_name`, `year_birth`, `created_at`, `updated_at`)
VALUES (72, 'suscipit', 'Kerluke', '1971', '2000-01-08 10:58:20', '1971-11-24 16:25:10');
INSERT INTO `producer` (`id`, `name`, `last_name`, `year_birth`, `created_at`, `updated_at`)
VALUES (73, 'quas', 'Tremblay', '2009', '1973-09-21 19:11:22', '1999-12-13 09:44:42');
INSERT INTO `producer` (`id`, `name`, `last_name`, `year_birth`, `created_at`, `updated_at`)
VALUES (74, 'porro', 'Macejkovic', '1992', '1972-06-06 07:44:10', '2011-11-01 12:52:19');
INSERT INTO `producer` (`id`, `name`, `last_name`, `year_birth`, `created_at`, `updated_at`)
VALUES (75, 'aut', 'Gerhold', '2005', '2002-06-06 00:31:05', '1993-05-09 05:10:34');
INSERT INTO `producer` (`id`, `name`, `last_name`, `year_birth`, `created_at`, `updated_at`)
VALUES (76, 'inventore', 'Gislason', '1998', '1996-12-18 01:39:56', '1990-09-25 16:15:55');
INSERT INTO `producer` (`id`, `name`, `last_name`, `year_birth`, `created_at`, `updated_at`)
VALUES (77, 'sed', 'McClure', '1977', '1972-08-21 03:12:07', '1985-06-04 23:22:38');
INSERT INTO `producer` (`id`, `name`, `last_name`, `year_birth`, `created_at`, `updated_at`)
VALUES (78, 'a', 'Gaylord', '2004', '1976-04-20 03:55:04', '2002-01-23 19:36:14');
INSERT INTO `producer` (`id`, `name`, `last_name`, `year_birth`, `created_at`, `updated_at`)
VALUES (79, 'iure', 'Bartoletti', '2020', '1996-07-03 22:09:20', '2017-03-16 19:29:28');
INSERT INTO `producer` (`id`, `name`, `last_name`, `year_birth`, `created_at`, `updated_at`)
VALUES (80, 'rem', 'Hermiston', '2019', '1985-05-24 21:03:34', '1971-02-15 05:55:39');
INSERT INTO `producer` (`id`, `name`, `last_name`, `year_birth`, `created_at`, `updated_at`)
VALUES (81, 'et', 'Waters', '2008', '2020-02-23 07:39:31', '1999-03-13 22:37:28');
INSERT INTO `producer` (`id`, `name`, `last_name`, `year_birth`, `created_at`, `updated_at`)
VALUES (82, 'dolores', 'Robel', '1990', '1991-10-17 22:31:47', '2004-06-29 16:08:29');
INSERT INTO `producer` (`id`, `name`, `last_name`, `year_birth`, `created_at`, `updated_at`)
VALUES (83, 'eos', 'Grant', '1977', '2007-06-16 03:43:35', '1976-05-14 19:00:54');
INSERT INTO `producer` (`id`, `name`, `last_name`, `year_birth`, `created_at`, `updated_at`)
VALUES (84, 'quas', 'Ankunding', '2019', '1983-05-22 20:05:34', '1974-11-25 13:19:43');
INSERT INTO `producer` (`id`, `name`, `last_name`, `year_birth`, `created_at`, `updated_at`)
VALUES (85, 'expedita', 'Stehr', '2015', '1993-12-21 00:28:00', '2003-08-09 09:59:50');
INSERT INTO `producer` (`id`, `name`, `last_name`, `year_birth`, `created_at`, `updated_at`)
VALUES (86, 'aut', 'Feest', '2014', '2009-04-19 05:53:09', '1981-12-16 12:35:51');
INSERT INTO `producer` (`id`, `name`, `last_name`, `year_birth`, `created_at`, `updated_at`)
VALUES (87, 'facere', 'Rowe', '1973', '1981-09-13 18:48:02', '2008-04-21 07:08:41');
INSERT INTO `producer` (`id`, `name`, `last_name`, `year_birth`, `created_at`, `updated_at`)
VALUES (88, 'a', 'Deckow', '2015', '2004-07-28 00:11:12', '1989-12-03 12:33:25');
INSERT INTO `producer` (`id`, `name`, `last_name`, `year_birth`, `created_at`, `updated_at`)
VALUES (89, 'sunt', 'Leuschke', '1980', '1975-08-20 14:05:35', '1984-10-09 13:39:40');
INSERT INTO `producer` (`id`, `name`, `last_name`, `year_birth`, `created_at`, `updated_at`)
VALUES (90, 'sint', 'Mohr', '2015', '1973-12-06 12:57:40', '2015-01-06 01:47:39');
INSERT INTO `producer` (`id`, `name`, `last_name`, `year_birth`, `created_at`, `updated_at`)
VALUES (91, 'sunt', 'McKenzie', '1974', '2006-08-29 04:40:34', '2006-09-27 05:26:50');
INSERT INTO `producer` (`id`, `name`, `last_name`, `year_birth`, `created_at`, `updated_at`)
VALUES (92, 'impedit', 'Purdy', '2019', '1998-09-29 02:56:54', '1984-05-31 01:41:37');
INSERT INTO `producer` (`id`, `name`, `last_name`, `year_birth`, `created_at`, `updated_at`)
VALUES (93, 'ut', 'Stamm', '1995', '1970-11-22 00:50:41', '1996-09-25 07:21:04');
INSERT INTO `producer` (`id`, `name`, `last_name`, `year_birth`, `created_at`, `updated_at`)
VALUES (94, 'non', 'Heidenreich', '1981', '1983-08-16 21:03:51', '2001-01-21 22:13:54');
INSERT INTO `producer` (`id`, `name`, `last_name`, `year_birth`, `created_at`, `updated_at`)
VALUES (95, 'ipsa', 'Goodwin', '1972', '2012-08-07 06:24:46', '1983-12-08 06:58:14');
INSERT INTO `producer` (`id`, `name`, `last_name`, `year_birth`, `created_at`, `updated_at`)
VALUES (96, 'sit', 'Langworth', '1996', '2016-03-28 10:53:49', '1977-10-07 02:12:23');
INSERT INTO `producer` (`id`, `name`, `last_name`, `year_birth`, `created_at`, `updated_at`)
VALUES (97, 'omnis', 'Crist', '1980', '1984-07-30 19:21:34', '2016-12-17 22:15:37');
INSERT INTO `producer` (`id`, `name`, `last_name`, `year_birth`, `created_at`, `updated_at`)
VALUES (98, 'voluptate', 'Jast', '2021', '1999-09-08 11:09:51', '1980-03-27 04:57:54');
INSERT INTO `producer` (`id`, `name`, `last_name`, `year_birth`, `created_at`, `updated_at`)
VALUES (99, 'rerum', 'Keeling', '1993', '1983-11-04 11:06:21', '1992-08-12 04:52:03');
INSERT INTO `producer` (`id`, `name`, `last_name`, `year_birth`, `created_at`, `updated_at`)
VALUES (100, 'ad', 'Davis', '1981', '2015-02-23 04:13:49', '1973-06-15 03:24:48');


INSERT INTO `producer_in_movie` (`id`, `movie_id`, `producer_id`)
VALUES (1, 1, 1);
INSERT INTO `producer_in_movie` (`id`, `movie_id`, `producer_id`)
VALUES (2, 2, 2);
INSERT INTO `producer_in_movie` (`id`, `movie_id`, `producer_id`)
VALUES (3, 3, 3);
INSERT INTO `producer_in_movie` (`id`, `movie_id`, `producer_id`)
VALUES (4, 4, 4);
INSERT INTO `producer_in_movie` (`id`, `movie_id`, `producer_id`)
VALUES (5, 5, 5);
INSERT INTO `producer_in_movie` (`id`, `movie_id`, `producer_id`)
VALUES (6, 6, 6);
INSERT INTO `producer_in_movie` (`id`, `movie_id`, `producer_id`)
VALUES (7, 7, 7);
INSERT INTO `producer_in_movie` (`id`, `movie_id`, `producer_id`)
VALUES (8, 8, 8);
INSERT INTO `producer_in_movie` (`id`, `movie_id`, `producer_id`)
VALUES (9, 9, 9);
INSERT INTO `producer_in_movie` (`id`, `movie_id`, `producer_id`)
VALUES (10, 10, 10);
INSERT INTO `producer_in_movie` (`id`, `movie_id`, `producer_id`)
VALUES (11, 11, 11);
INSERT INTO `producer_in_movie` (`id`, `movie_id`, `producer_id`)
VALUES (12, 12, 12);
INSERT INTO `producer_in_movie` (`id`, `movie_id`, `producer_id`)
VALUES (13, 13, 13);
INSERT INTO `producer_in_movie` (`id`, `movie_id`, `producer_id`)
VALUES (14, 14, 14);
INSERT INTO `producer_in_movie` (`id`, `movie_id`, `producer_id`)
VALUES (15, 15, 15);
INSERT INTO `producer_in_movie` (`id`, `movie_id`, `producer_id`)
VALUES (16, 16, 16);
INSERT INTO `producer_in_movie` (`id`, `movie_id`, `producer_id`)
VALUES (17, 17, 17);
INSERT INTO `producer_in_movie` (`id`, `movie_id`, `producer_id`)
VALUES (18, 18, 18);
INSERT INTO `producer_in_movie` (`id`, `movie_id`, `producer_id`)
VALUES (19, 19, 19);
INSERT INTO `producer_in_movie` (`id`, `movie_id`, `producer_id`)
VALUES (20, 20, 20);
INSERT INTO `producer_in_movie` (`id`, `movie_id`, `producer_id`)
VALUES (21, 21, 21);
INSERT INTO `producer_in_movie` (`id`, `movie_id`, `producer_id`)
VALUES (22, 22, 22);
INSERT INTO `producer_in_movie` (`id`, `movie_id`, `producer_id`)
VALUES (23, 23, 23);
INSERT INTO `producer_in_movie` (`id`, `movie_id`, `producer_id`)
VALUES (24, 24, 24);
INSERT INTO `producer_in_movie` (`id`, `movie_id`, `producer_id`)
VALUES (25, 25, 25);
INSERT INTO `producer_in_movie` (`id`, `movie_id`, `producer_id`)
VALUES (26, 26, 26);
INSERT INTO `producer_in_movie` (`id`, `movie_id`, `producer_id`)
VALUES (27, 27, 27);
INSERT INTO `producer_in_movie` (`id`, `movie_id`, `producer_id`)
VALUES (28, 28, 28);
INSERT INTO `producer_in_movie` (`id`, `movie_id`, `producer_id`)
VALUES (29, 29, 29);
INSERT INTO `producer_in_movie` (`id`, `movie_id`, `producer_id`)
VALUES (30, 30, 30);
INSERT INTO `producer_in_movie` (`id`, `movie_id`, `producer_id`)
VALUES (31, 31, 31);
INSERT INTO `producer_in_movie` (`id`, `movie_id`, `producer_id`)
VALUES (32, 32, 32);
INSERT INTO `producer_in_movie` (`id`, `movie_id`, `producer_id`)
VALUES (33, 33, 33);
INSERT INTO `producer_in_movie` (`id`, `movie_id`, `producer_id`)
VALUES (34, 34, 34);
INSERT INTO `producer_in_movie` (`id`, `movie_id`, `producer_id`)
VALUES (35, 35, 35);
INSERT INTO `producer_in_movie` (`id`, `movie_id`, `producer_id`)
VALUES (36, 36, 36);
INSERT INTO `producer_in_movie` (`id`, `movie_id`, `producer_id`)
VALUES (37, 37, 37);
INSERT INTO `producer_in_movie` (`id`, `movie_id`, `producer_id`)
VALUES (38, 38, 38);
INSERT INTO `producer_in_movie` (`id`, `movie_id`, `producer_id`)
VALUES (39, 39, 39);
INSERT INTO `producer_in_movie` (`id`, `movie_id`, `producer_id`)
VALUES (40, 40, 40);
INSERT INTO `producer_in_movie` (`id`, `movie_id`, `producer_id`)
VALUES (41, 41, 41);
INSERT INTO `producer_in_movie` (`id`, `movie_id`, `producer_id`)
VALUES (42, 42, 42);
INSERT INTO `producer_in_movie` (`id`, `movie_id`, `producer_id`)
VALUES (43, 43, 43);
INSERT INTO `producer_in_movie` (`id`, `movie_id`, `producer_id`)
VALUES (44, 44, 44);
INSERT INTO `producer_in_movie` (`id`, `movie_id`, `producer_id`)
VALUES (45, 45, 45);
INSERT INTO `producer_in_movie` (`id`, `movie_id`, `producer_id`)
VALUES (46, 46, 46);
INSERT INTO `producer_in_movie` (`id`, `movie_id`, `producer_id`)
VALUES (47, 47, 47);
INSERT INTO `producer_in_movie` (`id`, `movie_id`, `producer_id`)
VALUES (48, 48, 48);
INSERT INTO `producer_in_movie` (`id`, `movie_id`, `producer_id`)
VALUES (49, 49, 49);
INSERT INTO `producer_in_movie` (`id`, `movie_id`, `producer_id`)
VALUES (50, 50, 50);
INSERT INTO `producer_in_movie` (`id`, `movie_id`, `producer_id`)
VALUES (51, 51, 51);
INSERT INTO `producer_in_movie` (`id`, `movie_id`, `producer_id`)
VALUES (52, 52, 52);
INSERT INTO `producer_in_movie` (`id`, `movie_id`, `producer_id`)
VALUES (53, 53, 53);
INSERT INTO `producer_in_movie` (`id`, `movie_id`, `producer_id`)
VALUES (54, 54, 54);
INSERT INTO `producer_in_movie` (`id`, `movie_id`, `producer_id`)
VALUES (55, 55, 55);
INSERT INTO `producer_in_movie` (`id`, `movie_id`, `producer_id`)
VALUES (56, 56, 56);
INSERT INTO `producer_in_movie` (`id`, `movie_id`, `producer_id`)
VALUES (57, 57, 57);
INSERT INTO `producer_in_movie` (`id`, `movie_id`, `producer_id`)
VALUES (58, 58, 58);
INSERT INTO `producer_in_movie` (`id`, `movie_id`, `producer_id`)
VALUES (59, 59, 59);
INSERT INTO `producer_in_movie` (`id`, `movie_id`, `producer_id`)
VALUES (60, 60, 60);
INSERT INTO `producer_in_movie` (`id`, `movie_id`, `producer_id`)
VALUES (61, 61, 61);
INSERT INTO `producer_in_movie` (`id`, `movie_id`, `producer_id`)
VALUES (62, 62, 62);
INSERT INTO `producer_in_movie` (`id`, `movie_id`, `producer_id`)
VALUES (63, 63, 63);
INSERT INTO `producer_in_movie` (`id`, `movie_id`, `producer_id`)
VALUES (64, 64, 64);
INSERT INTO `producer_in_movie` (`id`, `movie_id`, `producer_id`)
VALUES (65, 65, 65);
INSERT INTO `producer_in_movie` (`id`, `movie_id`, `producer_id`)
VALUES (66, 66, 66);
INSERT INTO `producer_in_movie` (`id`, `movie_id`, `producer_id`)
VALUES (67, 67, 67);
INSERT INTO `producer_in_movie` (`id`, `movie_id`, `producer_id`)
VALUES (68, 68, 68);
INSERT INTO `producer_in_movie` (`id`, `movie_id`, `producer_id`)
VALUES (69, 69, 69);
INSERT INTO `producer_in_movie` (`id`, `movie_id`, `producer_id`)
VALUES (70, 70, 70);
INSERT INTO `producer_in_movie` (`id`, `movie_id`, `producer_id`)
VALUES (71, 71, 71);
INSERT INTO `producer_in_movie` (`id`, `movie_id`, `producer_id`)
VALUES (72, 72, 72);
INSERT INTO `producer_in_movie` (`id`, `movie_id`, `producer_id`)
VALUES (73, 73, 73);
INSERT INTO `producer_in_movie` (`id`, `movie_id`, `producer_id`)
VALUES (74, 74, 74);
INSERT INTO `producer_in_movie` (`id`, `movie_id`, `producer_id`)
VALUES (75, 75, 75);
INSERT INTO `producer_in_movie` (`id`, `movie_id`, `producer_id`)
VALUES (76, 76, 76);
INSERT INTO `producer_in_movie` (`id`, `movie_id`, `producer_id`)
VALUES (77, 77, 77);
INSERT INTO `producer_in_movie` (`id`, `movie_id`, `producer_id`)
VALUES (78, 78, 78);
INSERT INTO `producer_in_movie` (`id`, `movie_id`, `producer_id`)
VALUES (79, 79, 79);
INSERT INTO `producer_in_movie` (`id`, `movie_id`, `producer_id`)
VALUES (80, 80, 80);
INSERT INTO `producer_in_movie` (`id`, `movie_id`, `producer_id`)
VALUES (81, 81, 81);
INSERT INTO `producer_in_movie` (`id`, `movie_id`, `producer_id`)
VALUES (82, 82, 82);
INSERT INTO `producer_in_movie` (`id`, `movie_id`, `producer_id`)
VALUES (83, 83, 83);
INSERT INTO `producer_in_movie` (`id`, `movie_id`, `producer_id`)
VALUES (84, 84, 84);
INSERT INTO `producer_in_movie` (`id`, `movie_id`, `producer_id`)
VALUES (85, 85, 85);
INSERT INTO `producer_in_movie` (`id`, `movie_id`, `producer_id`)
VALUES (86, 86, 86);
INSERT INTO `producer_in_movie` (`id`, `movie_id`, `producer_id`)
VALUES (87, 87, 87);
INSERT INTO `producer_in_movie` (`id`, `movie_id`, `producer_id`)
VALUES (88, 88, 88);
INSERT INTO `producer_in_movie` (`id`, `movie_id`, `producer_id`)
VALUES (89, 89, 89);
INSERT INTO `producer_in_movie` (`id`, `movie_id`, `producer_id`)
VALUES (90, 90, 90);
INSERT INTO `producer_in_movie` (`id`, `movie_id`, `producer_id`)
VALUES (91, 91, 91);
INSERT INTO `producer_in_movie` (`id`, `movie_id`, `producer_id`)
VALUES (92, 92, 92);
INSERT INTO `producer_in_movie` (`id`, `movie_id`, `producer_id`)
VALUES (93, 93, 93);
INSERT INTO `producer_in_movie` (`id`, `movie_id`, `producer_id`)
VALUES (94, 94, 94);
INSERT INTO `producer_in_movie` (`id`, `movie_id`, `producer_id`)
VALUES (95, 95, 95);
INSERT INTO `producer_in_movie` (`id`, `movie_id`, `producer_id`)
VALUES (96, 96, 96);
INSERT INTO `producer_in_movie` (`id`, `movie_id`, `producer_id`)
VALUES (97, 97, 97);
INSERT INTO `producer_in_movie` (`id`, `movie_id`, `producer_id`)
VALUES (98, 98, 98);
INSERT INTO `producer_in_movie` (`id`, `movie_id`, `producer_id`)
VALUES (99, 99, 99);
INSERT INTO `producer_in_movie` (`id`, `movie_id`, `producer_id`)
VALUES (100, 100, 100);


INSERT INTO `rank` (`id`, `value`)
VALUES (1, 6);
INSERT INTO `rank` (`id`, `value`)
VALUES (2, 4);
INSERT INTO `rank` (`id`, `value`)
VALUES (3, 9);
INSERT INTO `rank` (`id`, `value`)
VALUES (4, 6);
INSERT INTO `rank` (`id`, `value`)
VALUES (5, 5);


INSERT INTO `user` (`id`, `email`, `password`)
VALUES (1, 'jennie82@example.com', '336d2d709ac4b8e6c303c0b3c8e653eb2776ae5d');
INSERT INTO `user` (`id`, `email`, `password`)
VALUES (2, 'dewayne.hermiston@example.net', '098aeabb08837f6b8441a530b91edb20bef493d8');
INSERT INTO `user` (`id`, `email`, `password`)
VALUES (3, 'mayer.ora@example.org', '76bc33115da5027eb87d99f1ff7a80888fbeef23');
INSERT INTO `user` (`id`, `email`, `password`)
VALUES (4, 'alfreda24@example.net', 'abd04b9f088400625e3ce478e41654e7da10af0d');
INSERT INTO `user` (`id`, `email`, `password`)
VALUES (5, 'berge.bert@example.org', '5a6f6e8ca5f23ecadfcfd0bb10a2ed03fa31fbbd');
INSERT INTO `user` (`id`, `email`, `password`)
VALUES (6, 'qcummerata@example.org', '164a364c4bdc0bb56c34ddeccbc69849c32a1846');
INSERT INTO `user` (`id`, `email`, `password`)
VALUES (7, 'quitzon.jacey@example.net', '85fdd6653194285734bdea4ae8df26bb088b0a35');
INSERT INTO `user` (`id`, `email`, `password`)
VALUES (8, 'issac07@example.net', 'e18b1903a788a7f60d72cdf5f46e904096316ac0');
INSERT INTO `user` (`id`, `email`, `password`)
VALUES (9, 'lebsack.amelie@example.com', '472330cec065103b6959b716066548714d8656d6');
INSERT INTO `user` (`id`, `email`, `password`)
VALUES (10, 'fbogan@example.net', 'd812f958c50e4cf69fd71e6c17a0980eb2cfdce9');
INSERT INTO `user` (`id`, `email`, `password`)
VALUES (11, 'asipes@example.org', '510d95cda915367da0324368da2c1943d1621cae');
INSERT INTO `user` (`id`, `email`, `password`)
VALUES (12, 'darlene.wuckert@example.org', '13077e50b310d88856fb2e410bdf66645168a070');
INSERT INTO `user` (`id`, `email`, `password`)
VALUES (13, 'ethel88@example.com', 'a806402e087d17ad4adcb7e1da91e5bb4c20d8e7');
INSERT INTO `user` (`id`, `email`, `password`)
VALUES (14, 'dortha19@example.com', '1d1b50cb5b5eadf7f882ecbb343db87b05c19c9b');
INSERT INTO `user` (`id`, `email`, `password`)
VALUES (15, 'raynor.may@example.net', 'a817a0289f81c025587ca11c677831f8612b7146');
INSERT INTO `user` (`id`, `email`, `password`)
VALUES (16, 'florine.miller@example.com', 'a25eb70262dbac89acdcbbe364fd275dc2f66b0a');
INSERT INTO `user` (`id`, `email`, `password`)
VALUES (17, 'melvin84@example.net', 'd536920107447da4b3cb51b8a88991deeb9e19b6');
INSERT INTO `user` (`id`, `email`, `password`)
VALUES (18, 'benny.grimes@example.com', 'fb368839bdc9fac49ce8f31d291c9ac0995ec5b5');
INSERT INTO `user` (`id`, `email`, `password`)
VALUES (19, 'matilde.goodwin@example.org', 'a234f3d6735f3fc28e76e1ee9c1e4edced9f1cee');
INSERT INTO `user` (`id`, `email`, `password`)
VALUES (20, 'augustine15@example.net', '4ac6edcaa444e6b5a06e71cb66599447267cb0cf');
INSERT INTO `user` (`id`, `email`, `password`)
VALUES (21, 'xwiza@example.com', '58be4670dc40feedb4ec1531bbd7890dd0537882');
INSERT INTO `user` (`id`, `email`, `password`)
VALUES (22, 'ehilll@example.net', '7ad50a60a076fbfaef5f14fdb9818cb39db34415');
INSERT INTO `user` (`id`, `email`, `password`)
VALUES (23, 'obie72@example.net', 'c05f5d536ff2a4cf2fa768f91cf4ec1e5adeb053');
INSERT INTO `user` (`id`, `email`, `password`)
VALUES (24, 'schiller.jane@example.net', '29e1f16c3283d5a19c6f74bcb463259a0c107ed9');
INSERT INTO `user` (`id`, `email`, `password`)
VALUES (25, 'randall.kerluke@example.org', 'eab982b8c4677a554f9064050db6eaa1db5d472c');
INSERT INTO `user` (`id`, `email`, `password`)
VALUES (26, 'xzavier58@example.net', '1fafa39897a932094040cc9c2aa911c48a66edfe');
INSERT INTO `user` (`id`, `email`, `password`)
VALUES (27, 'dayna44@example.com', 'c033ce99a708f729b687fcd75eab239ea479af27');
INSERT INTO `user` (`id`, `email`, `password`)
VALUES (28, 'reinger.clovis@example.org', '72aecbb66fb5d6454f8f9e027df6d292ea593ca5');
INSERT INTO `user` (`id`, `email`, `password`)
VALUES (29, 'casper.al@example.com', 'b0ed55c12d65d53e1dd1cf387cd5295ecbf3588d');
INSERT INTO `user` (`id`, `email`, `password`)
VALUES (30, 'vernon33@example.net', 'dde63dcd76eb939c12a926ad987e41df34bf0624');
INSERT INTO `user` (`id`, `email`, `password`)
VALUES (31, 'gutmann.kathryn@example.net', '7a897c005a9a1c45dbac09e5dbd20b4a7736a5f2');
INSERT INTO `user` (`id`, `email`, `password`)
VALUES (32, 'dell.adams@example.org', '14468595188747a4b0ade0ae551c52333b798b34');
INSERT INTO `user` (`id`, `email`, `password`)
VALUES (33, 'harrison.kutch@example.net', '6a3e168e75df74bbfff81f33af682a8b56df4a77');
INSERT INTO `user` (`id`, `email`, `password`)
VALUES (34, 'kitty.gaylord@example.org', '6523ece385443227b146bd132d3756ba21f5dea6');
INSERT INTO `user` (`id`, `email`, `password`)
VALUES (35, 'alia32@example.net', 'f25c6fdd1426a6911f5531b309fd820e3e9dad1e');
INSERT INTO `user` (`id`, `email`, `password`)
VALUES (36, 'madalyn.gaylord@example.net', '1d70e3443f99f4989078450a76bd2fc8fdbd4dd0');
INSERT INTO `user` (`id`, `email`, `password`)
VALUES (37, 'willie.hirthe@example.org', 'c84fab4cb83e25d7116c6681d44c64aa8d76c85b');
INSERT INTO `user` (`id`, `email`, `password`)
VALUES (38, 'rosario.carroll@example.org', '82c23553cf775c2d1a73de77f18d67c06fa75355');
INSERT INTO `user` (`id`, `email`, `password`)
VALUES (39, 'alfredo.lubowitz@example.org', '76dfb4e26accfa9e99ece5ba7af7b5940ad3e274');
INSERT INTO `user` (`id`, `email`, `password`)
VALUES (40, 'kulas.noel@example.org', 'e046facf8d66f69bc960974f83c887054671c1b4');
INSERT INTO `user` (`id`, `email`, `password`)
VALUES (41, 'ekub@example.org', '5c685ada7d1e62b9f085fb178c488e1871f83ae3');
INSERT INTO `user` (`id`, `email`, `password`)
VALUES (42, 'jadyn05@example.com', '62b3a334c39df50021ab2e52fbadf3f983d79bba');
INSERT INTO `user` (`id`, `email`, `password`)
VALUES (43, 'jovani.gleichner@example.org', '5c968c29ce31eb4eb2ced8ba23e2294e8d2a9179');
INSERT INTO `user` (`id`, `email`, `password`)
VALUES (44, 'ahuel@example.net', 'b7f708b46009c3da3d3215329e446ca05880f825');
INSERT INTO `user` (`id`, `email`, `password`)
VALUES (45, 'erick67@example.com', '6dec0baa41b9a53afe6a9c5600c529fc55fed810');
INSERT INTO `user` (`id`, `email`, `password`)
VALUES (46, 'zetta33@example.net', '4b6ff34a468fd0d6f0a7d42b0d4054149bb5f08d');
INSERT INTO `user` (`id`, `email`, `password`)
VALUES (47, 'wintheiser.augustine@example.com', 'ce6d54d1a51bda87640c2705938b847cb1c93c5d');
INSERT INTO `user` (`id`, `email`, `password`)
VALUES (48, 'gaylord96@example.net', '17f78ab9e80f25f31977d0fcec1bd6744145ebb8');
INSERT INTO `user` (`id`, `email`, `password`)
VALUES (49, 'weber.aurore@example.org', 'c2e5241c5eb4529cb878f8845d0f1646af7edbda');
INSERT INTO `user` (`id`, `email`, `password`)
VALUES (50, 'adaline98@example.org', '9684a8f94bfe1c46b020754136b957b1194bce21');
INSERT INTO `user` (`id`, `email`, `password`)
VALUES (51, 'tatum29@example.org', '76880539b76ef5a8d38050be4ca2da0a70b74850');
INSERT INTO `user` (`id`, `email`, `password`)
VALUES (52, 'toy.manley@example.org', '746a6d2b048321f10d4bdd108ce4f2c770f2efc9');
INSERT INTO `user` (`id`, `email`, `password`)
VALUES (53, 'tyreek.kutch@example.org', '2c22ea3124800849c994c1a70ac5be8f2e56b358');
INSERT INTO `user` (`id`, `email`, `password`)
VALUES (54, 'jabari.dicki@example.org', 'f2ea245354842801e49ca3f094c6cc5b68f2e936');
INSERT INTO `user` (`id`, `email`, `password`)
VALUES (55, 'millie.wolf@example.net', '419e56e67b611ae65f42d6d625b24d77e2954576');
INSERT INTO `user` (`id`, `email`, `password`)
VALUES (56, 'clay01@example.com', '3af5b7ab70dfc3d7e855435b34de8e06a40bcdb9');
INSERT INTO `user` (`id`, `email`, `password`)
VALUES (57, 'king.walker@example.com', '243f9a641ec77950c1e3ec25f120a27ec5d21e4d');
INSERT INTO `user` (`id`, `email`, `password`)
VALUES (58, 'roger09@example.com', '5387a7716b708ac1c87c1e746250ef290580bd81');
INSERT INTO `user` (`id`, `email`, `password`)
VALUES (59, 'jaqueline.terry@example.com', '64d2864728ce9ba935e1a9d49e3ad8510ad586ec');
INSERT INTO `user` (`id`, `email`, `password`)
VALUES (60, 'mhegmann@example.com', '593293e2dd140802c7bf7c73eb9e74868712f44c');
INSERT INTO `user` (`id`, `email`, `password`)
VALUES (61, 'gwilliamson@example.org', '1b2ca48310aff9aab46d5dd55a5a5ce56b02c8ea');
INSERT INTO `user` (`id`, `email`, `password`)
VALUES (62, 'bridie.reynolds@example.com', 'e6578ac2ad509fb94d1732258af2e43423834221');
INSERT INTO `user` (`id`, `email`, `password`)
VALUES (63, 'stracke.sheridan@example.com', '3870ca5747f7f7916aee610370180db491a76a48');
INSERT INTO `user` (`id`, `email`, `password`)
VALUES (64, 'daija.schroeder@example.net', '3ddf8ebf6fd04685f24435203d41a84df3ec03c8');
INSERT INTO `user` (`id`, `email`, `password`)
VALUES (65, 'aida.bogan@example.net', '8d7a63f9b44ab48acdda65a3d593528c4c0c25f1');
INSERT INTO `user` (`id`, `email`, `password`)
VALUES (66, 'xziemann@example.org', '06e98e9ea1cfb0daa4b9d92ec301086b19b1f3c4');
INSERT INTO `user` (`id`, `email`, `password`)
VALUES (67, 'vondricka@example.net', 'c76069839ae7d55d0a4ee60514b362fc12031854');
INSERT INTO `user` (`id`, `email`, `password`)
VALUES (68, 'wcartwright@example.com', '932fe9a086bafbac5f07a2f97ee346397f4e21c6');
INSERT INTO `user` (`id`, `email`, `password`)
VALUES (69, 'levi00@example.com', '1b4ea9814a5f7e43a362431a06ac96e85c8982f3');
INSERT INTO `user` (`id`, `email`, `password`)
VALUES (70, 'cole.rosalee@example.com', 'd340143e07389c74dc9d08f0ec1df59a3d020619');
INSERT INTO `user` (`id`, `email`, `password`)
VALUES (71, 'cgottlieb@example.org', 'a764abd1c894a8910e61641b3f3a4b2719977e00');
INSERT INTO `user` (`id`, `email`, `password`)
VALUES (72, 'qtoy@example.net', '28e5e12d70065a658da51311e3fc0533898b5d27');
INSERT INTO `user` (`id`, `email`, `password`)
VALUES (73, 'thayes@example.org', 'f76ca1c1fea865f0a5313a818ad9d6f584617f87');
INSERT INTO `user` (`id`, `email`, `password`)
VALUES (74, 'camille12@example.com', '161fc51b5433bdfdf16fd2de48ef05b7b8e61902');
INSERT INTO `user` (`id`, `email`, `password`)
VALUES (75, 'judy.champlin@example.org', '2b2007784b67a44b3ea1b74c547b6ac9e0e19d89');
INSERT INTO `user` (`id`, `email`, `password`)
VALUES (76, 'lurline23@example.org', '4c5fb1245dda90645d3bb18757c4331af5532ebb');
INSERT INTO `user` (`id`, `email`, `password`)
VALUES (77, 'schowalter.antonietta@example.org', 'db0a93e0fbe98b0afb0e09f79dabfa357f4056aa');
INSERT INTO `user` (`id`, `email`, `password`)
VALUES (78, 'elisabeth66@example.com', '0097591a3c188ebca265e08361d964ba3c22dcd8');
INSERT INTO `user` (`id`, `email`, `password`)
VALUES (79, 'gabrielle91@example.org', '198fb11640adad253eed95991fdac54a88c04050');
INSERT INTO `user` (`id`, `email`, `password`)
VALUES (80, 'herzog.jeffrey@example.com', '477a04d3528ba799e38b7ba4b049b75d11baad4f');
INSERT INTO `user` (`id`, `email`, `password`)
VALUES (81, 'macejkovic.erich@example.com', 'aade12838d20f60c33fa0deba6845743eaecae05');
INSERT INTO `user` (`id`, `email`, `password`)
VALUES (82, 'dhansen@example.com', 'd3ca3e17689f2cacb982d10dd5e876ae9fd51052');
INSERT INTO `user` (`id`, `email`, `password`)
VALUES (83, 'sabrina52@example.net', '5093adb48543debe8460370593f7a5229cc4d4f1');
INSERT INTO `user` (`id`, `email`, `password`)
VALUES (84, 'bryana.kassulke@example.org', 'fee18382ef1f9d8b096a0f26532108eaa6f25be0');
INSERT INTO `user` (`id`, `email`, `password`)
VALUES (85, 'brandyn.baumbach@example.net', '15e6dd3c1eaa290d4b85539c2234676a9b5e2083');
INSERT INTO `user` (`id`, `email`, `password`)
VALUES (86, 'blake.gutmann@example.org', 'f227ae9314a43190640899dc0fb56d179b70e1ef');
INSERT INTO `user` (`id`, `email`, `password`)
VALUES (87, 'weber.cortez@example.org', '24f38c65e8d0f1529f1088df28803bbd233434a6');
INSERT INTO `user` (`id`, `email`, `password`)
VALUES (88, 'gibson.fanny@example.com', 'ae0b7645ae87d995e50da4ac225ca2f9f3f40f51');
INSERT INTO `user` (`id`, `email`, `password`)
VALUES (89, 'dakota20@example.com', '4fbeb406b107b06833e3767d7885dcb57590b6cf');
INSERT INTO `user` (`id`, `email`, `password`)
VALUES (90, 'hertha.walter@example.net', 'cec32de717e9028ebb575fc4cca0e50964e019aa');
INSERT INTO `user` (`id`, `email`, `password`)
VALUES (91, 'krajcik.vicky@example.net', '9f040fa7b58d5c109d622b6c6b2b636559952a58');
INSERT INTO `user` (`id`, `email`, `password`)
VALUES (92, 'cade.nienow@example.net', 'd299b2919097ea383956195d03b23bd4a47eafc5');
INSERT INTO `user` (`id`, `email`, `password`)
VALUES (93, 'ritchie.maximillia@example.com', 'bb428e3abea4ae649a4c0a0e29e70ca410a0b6f4');
INSERT INTO `user` (`id`, `email`, `password`)
VALUES (94, 'glover.ellis@example.net', '9eb6027713b7b1983eb50de0738ff6d512571eea');
INSERT INTO `user` (`id`, `email`, `password`)
VALUES (95, 'heaven.mohr@example.net', 'd4e22522e4feb4a6c772d6a310dfee6ce7ca1009');
INSERT INTO `user` (`id`, `email`, `password`)
VALUES (96, 'uhoeger@example.com', '6891398e430049acd8ed1a778a26fd6dd7b5b190');
INSERT INTO `user` (`id`, `email`, `password`)
VALUES (97, 'mazie23@example.com', '412ba625ce369ae7cc88f66bd2047a380e83a527');
INSERT INTO `user` (`id`, `email`, `password`)
VALUES (98, 'talon.ritchie@example.com', '332da16b2b922946faaf1d8e7d03b9ae24380b38');
INSERT INTO `user` (`id`, `email`, `password`)
VALUES (99, 'khalil31@example.org', 'f5aa0428b43f7ba1985df31fe16af98f001baf80');
INSERT INTO `user` (`id`, `email`, `password`)
VALUES (100, 'myra.weissnat@example.net', '7ac321adbe3c2a5b693ebe9fe2135205b4c3e5ed');


INSERT INTO `user_favourite_movie` (`id`, `user_id`, `movie_id`)
VALUES (1, 1, 1);
INSERT INTO `user_favourite_movie` (`id`, `user_id`, `movie_id`)
VALUES (2, 2, 2);
INSERT INTO `user_favourite_movie` (`id`, `user_id`, `movie_id`)
VALUES (3, 3, 3);
INSERT INTO `user_favourite_movie` (`id`, `user_id`, `movie_id`)
VALUES (4, 4, 4);
INSERT INTO `user_favourite_movie` (`id`, `user_id`, `movie_id`)
VALUES (5, 5, 5);
INSERT INTO `user_favourite_movie` (`id`, `user_id`, `movie_id`)
VALUES (6, 6, 6);
INSERT INTO `user_favourite_movie` (`id`, `user_id`, `movie_id`)
VALUES (7, 7, 7);
INSERT INTO `user_favourite_movie` (`id`, `user_id`, `movie_id`)
VALUES (8, 8, 8);
INSERT INTO `user_favourite_movie` (`id`, `user_id`, `movie_id`)
VALUES (9, 9, 9);
INSERT INTO `user_favourite_movie` (`id`, `user_id`, `movie_id`)
VALUES (10, 10, 10);
INSERT INTO `user_favourite_movie` (`id`, `user_id`, `movie_id`)
VALUES (11, 11, 11);
INSERT INTO `user_favourite_movie` (`id`, `user_id`, `movie_id`)
VALUES (12, 12, 12);
INSERT INTO `user_favourite_movie` (`id`, `user_id`, `movie_id`)
VALUES (13, 13, 13);
INSERT INTO `user_favourite_movie` (`id`, `user_id`, `movie_id`)
VALUES (14, 14, 14);
INSERT INTO `user_favourite_movie` (`id`, `user_id`, `movie_id`)
VALUES (15, 15, 15);
INSERT INTO `user_favourite_movie` (`id`, `user_id`, `movie_id`)
VALUES (16, 16, 16);
INSERT INTO `user_favourite_movie` (`id`, `user_id`, `movie_id`)
VALUES (17, 17, 17);
INSERT INTO `user_favourite_movie` (`id`, `user_id`, `movie_id`)
VALUES (18, 18, 18);
INSERT INTO `user_favourite_movie` (`id`, `user_id`, `movie_id`)
VALUES (19, 19, 19);
INSERT INTO `user_favourite_movie` (`id`, `user_id`, `movie_id`)
VALUES (20, 20, 20);
INSERT INTO `user_favourite_movie` (`id`, `user_id`, `movie_id`)
VALUES (21, 21, 21);
INSERT INTO `user_favourite_movie` (`id`, `user_id`, `movie_id`)
VALUES (22, 22, 22);
INSERT INTO `user_favourite_movie` (`id`, `user_id`, `movie_id`)
VALUES (23, 23, 23);
INSERT INTO `user_favourite_movie` (`id`, `user_id`, `movie_id`)
VALUES (24, 24, 24);
INSERT INTO `user_favourite_movie` (`id`, `user_id`, `movie_id`)
VALUES (25, 25, 25);
INSERT INTO `user_favourite_movie` (`id`, `user_id`, `movie_id`)
VALUES (26, 26, 26);
INSERT INTO `user_favourite_movie` (`id`, `user_id`, `movie_id`)
VALUES (27, 27, 27);
INSERT INTO `user_favourite_movie` (`id`, `user_id`, `movie_id`)
VALUES (28, 28, 28);
INSERT INTO `user_favourite_movie` (`id`, `user_id`, `movie_id`)
VALUES (29, 29, 29);
INSERT INTO `user_favourite_movie` (`id`, `user_id`, `movie_id`)
VALUES (30, 30, 30);
INSERT INTO `user_favourite_movie` (`id`, `user_id`, `movie_id`)
VALUES (31, 31, 31);
INSERT INTO `user_favourite_movie` (`id`, `user_id`, `movie_id`)
VALUES (32, 32, 32);
INSERT INTO `user_favourite_movie` (`id`, `user_id`, `movie_id`)
VALUES (33, 33, 33);
INSERT INTO `user_favourite_movie` (`id`, `user_id`, `movie_id`)
VALUES (34, 34, 34);
INSERT INTO `user_favourite_movie` (`id`, `user_id`, `movie_id`)
VALUES (35, 35, 35);
INSERT INTO `user_favourite_movie` (`id`, `user_id`, `movie_id`)
VALUES (36, 36, 36);
INSERT INTO `user_favourite_movie` (`id`, `user_id`, `movie_id`)
VALUES (37, 37, 37);
INSERT INTO `user_favourite_movie` (`id`, `user_id`, `movie_id`)
VALUES (38, 38, 38);
INSERT INTO `user_favourite_movie` (`id`, `user_id`, `movie_id`)
VALUES (39, 39, 39);
INSERT INTO `user_favourite_movie` (`id`, `user_id`, `movie_id`)
VALUES (40, 40, 40);
INSERT INTO `user_favourite_movie` (`id`, `user_id`, `movie_id`)
VALUES (41, 41, 41);
INSERT INTO `user_favourite_movie` (`id`, `user_id`, `movie_id`)
VALUES (42, 42, 42);
INSERT INTO `user_favourite_movie` (`id`, `user_id`, `movie_id`)
VALUES (43, 43, 43);
INSERT INTO `user_favourite_movie` (`id`, `user_id`, `movie_id`)
VALUES (44, 44, 44);
INSERT INTO `user_favourite_movie` (`id`, `user_id`, `movie_id`)
VALUES (45, 45, 45);
INSERT INTO `user_favourite_movie` (`id`, `user_id`, `movie_id`)
VALUES (46, 46, 46);
INSERT INTO `user_favourite_movie` (`id`, `user_id`, `movie_id`)
VALUES (47, 47, 47);
INSERT INTO `user_favourite_movie` (`id`, `user_id`, `movie_id`)
VALUES (48, 48, 48);
INSERT INTO `user_favourite_movie` (`id`, `user_id`, `movie_id`)
VALUES (49, 49, 49);
INSERT INTO `user_favourite_movie` (`id`, `user_id`, `movie_id`)
VALUES (50, 50, 50);
INSERT INTO `user_favourite_movie` (`id`, `user_id`, `movie_id`)
VALUES (51, 51, 51);
INSERT INTO `user_favourite_movie` (`id`, `user_id`, `movie_id`)
VALUES (52, 52, 52);
INSERT INTO `user_favourite_movie` (`id`, `user_id`, `movie_id`)
VALUES (53, 53, 53);
INSERT INTO `user_favourite_movie` (`id`, `user_id`, `movie_id`)
VALUES (54, 54, 54);
INSERT INTO `user_favourite_movie` (`id`, `user_id`, `movie_id`)
VALUES (55, 55, 55);
INSERT INTO `user_favourite_movie` (`id`, `user_id`, `movie_id`)
VALUES (56, 56, 56);
INSERT INTO `user_favourite_movie` (`id`, `user_id`, `movie_id`)
VALUES (57, 57, 57);
INSERT INTO `user_favourite_movie` (`id`, `user_id`, `movie_id`)
VALUES (58, 58, 58);
INSERT INTO `user_favourite_movie` (`id`, `user_id`, `movie_id`)
VALUES (59, 59, 59);
INSERT INTO `user_favourite_movie` (`id`, `user_id`, `movie_id`)
VALUES (60, 60, 60);
INSERT INTO `user_favourite_movie` (`id`, `user_id`, `movie_id`)
VALUES (61, 61, 61);
INSERT INTO `user_favourite_movie` (`id`, `user_id`, `movie_id`)
VALUES (62, 62, 62);
INSERT INTO `user_favourite_movie` (`id`, `user_id`, `movie_id`)
VALUES (63, 63, 63);
INSERT INTO `user_favourite_movie` (`id`, `user_id`, `movie_id`)
VALUES (64, 64, 64);
INSERT INTO `user_favourite_movie` (`id`, `user_id`, `movie_id`)
VALUES (65, 65, 65);
INSERT INTO `user_favourite_movie` (`id`, `user_id`, `movie_id`)
VALUES (66, 66, 66);
INSERT INTO `user_favourite_movie` (`id`, `user_id`, `movie_id`)
VALUES (67, 67, 67);
INSERT INTO `user_favourite_movie` (`id`, `user_id`, `movie_id`)
VALUES (68, 68, 68);
INSERT INTO `user_favourite_movie` (`id`, `user_id`, `movie_id`)
VALUES (69, 69, 69);
INSERT INTO `user_favourite_movie` (`id`, `user_id`, `movie_id`)
VALUES (70, 70, 70);
INSERT INTO `user_favourite_movie` (`id`, `user_id`, `movie_id`)
VALUES (71, 71, 71);
INSERT INTO `user_favourite_movie` (`id`, `user_id`, `movie_id`)
VALUES (72, 72, 72);
INSERT INTO `user_favourite_movie` (`id`, `user_id`, `movie_id`)
VALUES (73, 73, 73);
INSERT INTO `user_favourite_movie` (`id`, `user_id`, `movie_id`)
VALUES (74, 74, 74);
INSERT INTO `user_favourite_movie` (`id`, `user_id`, `movie_id`)
VALUES (75, 75, 75);
INSERT INTO `user_favourite_movie` (`id`, `user_id`, `movie_id`)
VALUES (76, 76, 76);
INSERT INTO `user_favourite_movie` (`id`, `user_id`, `movie_id`)
VALUES (77, 77, 77);
INSERT INTO `user_favourite_movie` (`id`, `user_id`, `movie_id`)
VALUES (78, 78, 78);
INSERT INTO `user_favourite_movie` (`id`, `user_id`, `movie_id`)
VALUES (79, 79, 79);
INSERT INTO `user_favourite_movie` (`id`, `user_id`, `movie_id`)
VALUES (80, 80, 80);
INSERT INTO `user_favourite_movie` (`id`, `user_id`, `movie_id`)
VALUES (81, 81, 81);
INSERT INTO `user_favourite_movie` (`id`, `user_id`, `movie_id`)
VALUES (82, 82, 82);
INSERT INTO `user_favourite_movie` (`id`, `user_id`, `movie_id`)
VALUES (83, 83, 83);
INSERT INTO `user_favourite_movie` (`id`, `user_id`, `movie_id`)
VALUES (84, 84, 84);
INSERT INTO `user_favourite_movie` (`id`, `user_id`, `movie_id`)
VALUES (85, 85, 85);
INSERT INTO `user_favourite_movie` (`id`, `user_id`, `movie_id`)
VALUES (86, 86, 86);
INSERT INTO `user_favourite_movie` (`id`, `user_id`, `movie_id`)
VALUES (87, 87, 87);
INSERT INTO `user_favourite_movie` (`id`, `user_id`, `movie_id`)
VALUES (88, 88, 88);
INSERT INTO `user_favourite_movie` (`id`, `user_id`, `movie_id`)
VALUES (89, 89, 89);
INSERT INTO `user_favourite_movie` (`id`, `user_id`, `movie_id`)
VALUES (90, 90, 90);
INSERT INTO `user_favourite_movie` (`id`, `user_id`, `movie_id`)
VALUES (91, 91, 91);
INSERT INTO `user_favourite_movie` (`id`, `user_id`, `movie_id`)
VALUES (92, 92, 92);
INSERT INTO `user_favourite_movie` (`id`, `user_id`, `movie_id`)
VALUES (93, 93, 93);
INSERT INTO `user_favourite_movie` (`id`, `user_id`, `movie_id`)
VALUES (94, 94, 94);
INSERT INTO `user_favourite_movie` (`id`, `user_id`, `movie_id`)
VALUES (95, 95, 95);
INSERT INTO `user_favourite_movie` (`id`, `user_id`, `movie_id`)
VALUES (96, 96, 96);
INSERT INTO `user_favourite_movie` (`id`, `user_id`, `movie_id`)
VALUES (97, 97, 97);
INSERT INTO `user_favourite_movie` (`id`, `user_id`, `movie_id`)
VALUES (98, 98, 98);
INSERT INTO `user_favourite_movie` (`id`, `user_id`, `movie_id`)
VALUES (99, 99, 99);
INSERT INTO `user_favourite_movie` (`id`, `user_id`, `movie_id`)
VALUES (100, 100, 100);


INSERT INTO `user_rank_movie` (`id`, `user_id`, `movie_id`, `rank_id`)
VALUES (1, 1, 1, 1);
INSERT INTO `user_rank_movie` (`id`, `user_id`, `movie_id`, `rank_id`)
VALUES (2, 2, 2, 2);
INSERT INTO `user_rank_movie` (`id`, `user_id`, `movie_id`, `rank_id`)
VALUES (3, 3, 3, 3);
INSERT INTO `user_rank_movie` (`id`, `user_id`, `movie_id`, `rank_id`)
VALUES (4, 4, 4, 4);
INSERT INTO `user_rank_movie` (`id`, `user_id`, `movie_id`, `rank_id`)
VALUES (5, 5, 5, 5);
INSERT INTO `user_rank_movie` (`id`, `user_id`, `movie_id`, `rank_id`)
VALUES (6, 6, 6, 1);
INSERT INTO `user_rank_movie` (`id`, `user_id`, `movie_id`, `rank_id`)
VALUES (7, 7, 7, 2);
INSERT INTO `user_rank_movie` (`id`, `user_id`, `movie_id`, `rank_id`)
VALUES (8, 8, 8, 3);
INSERT INTO `user_rank_movie` (`id`, `user_id`, `movie_id`, `rank_id`)
VALUES (9, 9, 9, 4);
INSERT INTO `user_rank_movie` (`id`, `user_id`, `movie_id`, `rank_id`)
VALUES (10, 10, 10, 5);
INSERT INTO `user_rank_movie` (`id`, `user_id`, `movie_id`, `rank_id`)
VALUES (11, 11, 11, 1);
INSERT INTO `user_rank_movie` (`id`, `user_id`, `movie_id`, `rank_id`)
VALUES (12, 12, 12, 2);
INSERT INTO `user_rank_movie` (`id`, `user_id`, `movie_id`, `rank_id`)
VALUES (13, 13, 13, 3);
INSERT INTO `user_rank_movie` (`id`, `user_id`, `movie_id`, `rank_id`)
VALUES (14, 14, 14, 4);
INSERT INTO `user_rank_movie` (`id`, `user_id`, `movie_id`, `rank_id`)
VALUES (15, 15, 15, 5);
INSERT INTO `user_rank_movie` (`id`, `user_id`, `movie_id`, `rank_id`)
VALUES (16, 16, 16, 1);
INSERT INTO `user_rank_movie` (`id`, `user_id`, `movie_id`, `rank_id`)
VALUES (17, 17, 17, 2);
INSERT INTO `user_rank_movie` (`id`, `user_id`, `movie_id`, `rank_id`)
VALUES (18, 18, 18, 3);
INSERT INTO `user_rank_movie` (`id`, `user_id`, `movie_id`, `rank_id`)
VALUES (19, 19, 19, 4);
INSERT INTO `user_rank_movie` (`id`, `user_id`, `movie_id`, `rank_id`)
VALUES (20, 20, 20, 5);
INSERT INTO `user_rank_movie` (`id`, `user_id`, `movie_id`, `rank_id`)
VALUES (21, 21, 21, 1);
INSERT INTO `user_rank_movie` (`id`, `user_id`, `movie_id`, `rank_id`)
VALUES (22, 22, 22, 2);
INSERT INTO `user_rank_movie` (`id`, `user_id`, `movie_id`, `rank_id`)
VALUES (23, 23, 23, 3);
INSERT INTO `user_rank_movie` (`id`, `user_id`, `movie_id`, `rank_id`)
VALUES (24, 24, 24, 4);
INSERT INTO `user_rank_movie` (`id`, `user_id`, `movie_id`, `rank_id`)
VALUES (25, 25, 25, 5);
INSERT INTO `user_rank_movie` (`id`, `user_id`, `movie_id`, `rank_id`)
VALUES (26, 26, 26, 1);
INSERT INTO `user_rank_movie` (`id`, `user_id`, `movie_id`, `rank_id`)
VALUES (27, 27, 27, 2);
INSERT INTO `user_rank_movie` (`id`, `user_id`, `movie_id`, `rank_id`)
VALUES (28, 28, 28, 3);
INSERT INTO `user_rank_movie` (`id`, `user_id`, `movie_id`, `rank_id`)
VALUES (29, 29, 29, 4);
INSERT INTO `user_rank_movie` (`id`, `user_id`, `movie_id`, `rank_id`)
VALUES (30, 30, 30, 5);
INSERT INTO `user_rank_movie` (`id`, `user_id`, `movie_id`, `rank_id`)
VALUES (31, 31, 31, 1);
INSERT INTO `user_rank_movie` (`id`, `user_id`, `movie_id`, `rank_id`)
VALUES (32, 32, 32, 2);
INSERT INTO `user_rank_movie` (`id`, `user_id`, `movie_id`, `rank_id`)
VALUES (33, 33, 33, 3);
INSERT INTO `user_rank_movie` (`id`, `user_id`, `movie_id`, `rank_id`)
VALUES (34, 34, 34, 4);
INSERT INTO `user_rank_movie` (`id`, `user_id`, `movie_id`, `rank_id`)
VALUES (35, 35, 35, 5);
INSERT INTO `user_rank_movie` (`id`, `user_id`, `movie_id`, `rank_id`)
VALUES (36, 36, 36, 1);
INSERT INTO `user_rank_movie` (`id`, `user_id`, `movie_id`, `rank_id`)
VALUES (37, 37, 37, 2);
INSERT INTO `user_rank_movie` (`id`, `user_id`, `movie_id`, `rank_id`)
VALUES (38, 38, 38, 3);
INSERT INTO `user_rank_movie` (`id`, `user_id`, `movie_id`, `rank_id`)
VALUES (39, 39, 39, 4);
INSERT INTO `user_rank_movie` (`id`, `user_id`, `movie_id`, `rank_id`)
VALUES (40, 40, 40, 5);
INSERT INTO `user_rank_movie` (`id`, `user_id`, `movie_id`, `rank_id`)
VALUES (41, 41, 41, 1);
INSERT INTO `user_rank_movie` (`id`, `user_id`, `movie_id`, `rank_id`)
VALUES (42, 42, 42, 2);
INSERT INTO `user_rank_movie` (`id`, `user_id`, `movie_id`, `rank_id`)
VALUES (43, 43, 43, 3);
INSERT INTO `user_rank_movie` (`id`, `user_id`, `movie_id`, `rank_id`)
VALUES (44, 44, 44, 4);
INSERT INTO `user_rank_movie` (`id`, `user_id`, `movie_id`, `rank_id`)
VALUES (45, 45, 45, 5);
INSERT INTO `user_rank_movie` (`id`, `user_id`, `movie_id`, `rank_id`)
VALUES (46, 46, 46, 1);
INSERT INTO `user_rank_movie` (`id`, `user_id`, `movie_id`, `rank_id`)
VALUES (47, 47, 47, 2);
INSERT INTO `user_rank_movie` (`id`, `user_id`, `movie_id`, `rank_id`)
VALUES (48, 48, 48, 3);
INSERT INTO `user_rank_movie` (`id`, `user_id`, `movie_id`, `rank_id`)
VALUES (49, 49, 49, 4);
INSERT INTO `user_rank_movie` (`id`, `user_id`, `movie_id`, `rank_id`)
VALUES (50, 50, 50, 5);
INSERT INTO `user_rank_movie` (`id`, `user_id`, `movie_id`, `rank_id`)
VALUES (51, 51, 51, 1);
INSERT INTO `user_rank_movie` (`id`, `user_id`, `movie_id`, `rank_id`)
VALUES (52, 52, 52, 2);
INSERT INTO `user_rank_movie` (`id`, `user_id`, `movie_id`, `rank_id`)
VALUES (53, 53, 53, 3);
INSERT INTO `user_rank_movie` (`id`, `user_id`, `movie_id`, `rank_id`)
VALUES (54, 54, 54, 4);
INSERT INTO `user_rank_movie` (`id`, `user_id`, `movie_id`, `rank_id`)
VALUES (55, 55, 55, 5);
INSERT INTO `user_rank_movie` (`id`, `user_id`, `movie_id`, `rank_id`)
VALUES (56, 56, 56, 1);
INSERT INTO `user_rank_movie` (`id`, `user_id`, `movie_id`, `rank_id`)
VALUES (57, 57, 57, 2);
INSERT INTO `user_rank_movie` (`id`, `user_id`, `movie_id`, `rank_id`)
VALUES (58, 58, 58, 3);
INSERT INTO `user_rank_movie` (`id`, `user_id`, `movie_id`, `rank_id`)
VALUES (59, 59, 59, 4);
INSERT INTO `user_rank_movie` (`id`, `user_id`, `movie_id`, `rank_id`)
VALUES (60, 60, 60, 5);
INSERT INTO `user_rank_movie` (`id`, `user_id`, `movie_id`, `rank_id`)
VALUES (61, 61, 61, 1);
INSERT INTO `user_rank_movie` (`id`, `user_id`, `movie_id`, `rank_id`)
VALUES (62, 62, 62, 2);
INSERT INTO `user_rank_movie` (`id`, `user_id`, `movie_id`, `rank_id`)
VALUES (63, 63, 63, 3);
INSERT INTO `user_rank_movie` (`id`, `user_id`, `movie_id`, `rank_id`)
VALUES (64, 64, 64, 4);
INSERT INTO `user_rank_movie` (`id`, `user_id`, `movie_id`, `rank_id`)
VALUES (65, 65, 65, 5);
INSERT INTO `user_rank_movie` (`id`, `user_id`, `movie_id`, `rank_id`)
VALUES (66, 66, 66, 1);
INSERT INTO `user_rank_movie` (`id`, `user_id`, `movie_id`, `rank_id`)
VALUES (67, 67, 67, 2);
INSERT INTO `user_rank_movie` (`id`, `user_id`, `movie_id`, `rank_id`)
VALUES (68, 68, 68, 3);
INSERT INTO `user_rank_movie` (`id`, `user_id`, `movie_id`, `rank_id`)
VALUES (69, 69, 69, 4);
INSERT INTO `user_rank_movie` (`id`, `user_id`, `movie_id`, `rank_id`)
VALUES (70, 70, 70, 5);
INSERT INTO `user_rank_movie` (`id`, `user_id`, `movie_id`, `rank_id`)
VALUES (71, 71, 71, 1);
INSERT INTO `user_rank_movie` (`id`, `user_id`, `movie_id`, `rank_id`)
VALUES (72, 72, 72, 2);
INSERT INTO `user_rank_movie` (`id`, `user_id`, `movie_id`, `rank_id`)
VALUES (73, 73, 73, 3);
INSERT INTO `user_rank_movie` (`id`, `user_id`, `movie_id`, `rank_id`)
VALUES (74, 74, 74, 4);
INSERT INTO `user_rank_movie` (`id`, `user_id`, `movie_id`, `rank_id`)
VALUES (75, 75, 75, 5);
INSERT INTO `user_rank_movie` (`id`, `user_id`, `movie_id`, `rank_id`)
VALUES (76, 76, 76, 1);
INSERT INTO `user_rank_movie` (`id`, `user_id`, `movie_id`, `rank_id`)
VALUES (77, 77, 77, 2);
INSERT INTO `user_rank_movie` (`id`, `user_id`, `movie_id`, `rank_id`)
VALUES (78, 78, 78, 3);
INSERT INTO `user_rank_movie` (`id`, `user_id`, `movie_id`, `rank_id`)
VALUES (79, 79, 79, 4);
INSERT INTO `user_rank_movie` (`id`, `user_id`, `movie_id`, `rank_id`)
VALUES (80, 80, 80, 5);
INSERT INTO `user_rank_movie` (`id`, `user_id`, `movie_id`, `rank_id`)
VALUES (81, 81, 81, 1);
INSERT INTO `user_rank_movie` (`id`, `user_id`, `movie_id`, `rank_id`)
VALUES (82, 82, 82, 2);
INSERT INTO `user_rank_movie` (`id`, `user_id`, `movie_id`, `rank_id`)
VALUES (83, 83, 83, 3);
INSERT INTO `user_rank_movie` (`id`, `user_id`, `movie_id`, `rank_id`)
VALUES (84, 84, 84, 4);
INSERT INTO `user_rank_movie` (`id`, `user_id`, `movie_id`, `rank_id`)
VALUES (85, 85, 85, 5);
INSERT INTO `user_rank_movie` (`id`, `user_id`, `movie_id`, `rank_id`)
VALUES (86, 86, 86, 1);
INSERT INTO `user_rank_movie` (`id`, `user_id`, `movie_id`, `rank_id`)
VALUES (87, 87, 87, 2);
INSERT INTO `user_rank_movie` (`id`, `user_id`, `movie_id`, `rank_id`)
VALUES (88, 88, 88, 3);
INSERT INTO `user_rank_movie` (`id`, `user_id`, `movie_id`, `rank_id`)
VALUES (89, 89, 89, 4);
INSERT INTO `user_rank_movie` (`id`, `user_id`, `movie_id`, `rank_id`)
VALUES (90, 90, 90, 5);
INSERT INTO `user_rank_movie` (`id`, `user_id`, `movie_id`, `rank_id`)
VALUES (91, 91, 91, 1);
INSERT INTO `user_rank_movie` (`id`, `user_id`, `movie_id`, `rank_id`)
VALUES (92, 92, 92, 2);
INSERT INTO `user_rank_movie` (`id`, `user_id`, `movie_id`, `rank_id`)
VALUES (93, 93, 93, 3);
INSERT INTO `user_rank_movie` (`id`, `user_id`, `movie_id`, `rank_id`)
VALUES (94, 94, 94, 4);
INSERT INTO `user_rank_movie` (`id`, `user_id`, `movie_id`, `rank_id`)
VALUES (95, 95, 95, 5);
INSERT INTO `user_rank_movie` (`id`, `user_id`, `movie_id`, `rank_id`)
VALUES (96, 96, 96, 1);
INSERT INTO `user_rank_movie` (`id`, `user_id`, `movie_id`, `rank_id`)
VALUES (97, 97, 97, 2);
INSERT INTO `user_rank_movie` (`id`, `user_id`, `movie_id`, `rank_id`)
VALUES (98, 98, 98, 3);
INSERT INTO `user_rank_movie` (`id`, `user_id`, `movie_id`, `rank_id`)
VALUES (99, 99, 99, 4);
INSERT INTO `user_rank_movie` (`id`, `user_id`, `movie_id`, `rank_id`)
VALUES (100, 100, 100, 5);
